path	operation	sha256_before	sha256_after	mode_before	mode_after	uid	gid	reason
/usr/bin/hiby_player	modify	143c926f3b767fd7cbc63dcae0e0e3988a4b3a7e1a324afc0212eec7f90e0001	ab7623fb8ea21e410068a12b484fcb848eff829eaa190774c58f7d371d2913b4	-rwxrwxr-x	-rwxrwxr-x	0	0	Validated relocated metadata-parse NOP at file offset 0x38240 only; retain all remaining official 1.3 player/PEQ code
/usr/bin/hiby_player.sh	modify	1ed03a80239032c6d363e8bdc9b6485dacac086e2bfe61403866a7c40fd25857	e1a9e4c5a79ca6563dbba7f44fdb66c1218b0d75e4f7c070a021ecba8a2100da	-rwxrwxr-x	-rwxrwxr-x	0	0	Reapply original guarded MMC read-ahead=2048 and VFS cache-pressure=50; retain player/reboot lifecycle
/usr/bin/mount_ubifs.sh	modify	2cf1b9102d54ce9c66979944c59203963c29b6a13c48532ca69143643ce4d425	51f65a59649d4280d739fe7f55dea01d9a33aeeec59fb4959d563dee869942bb	-rwxr-xr-x	-rwxr-xr-x	0	0	Reapply original custom UBIFS sync-to-noatime policy; persistence validation pending hardware test
/usr/lib/libldacdec.so.1	modify	0427893de5def29975bc3bdf578fef32bc6e6300b73801d4813f0f918ceedb49	0f6e179f2e7fd31b5700cd0f0bbfaa4fca25b56201439c0c5b64eee96e14ca2d	-rwxrwxr-x	-rwxrwxr-x	0	0	Exact hardware-confirmed TEST 2 spectral-gate bypass: offset 0x3b82, 40 -> 00; all other 1.3 decoder bytes retained
/usr/resource/config_2025.json	modify	f7f1f4f77c05865f96ee7c387b7cc6c317d55d27997c349251ff83d1a5196e93	2f2849b4b4fbccc673aa0c47d8da4e380289bb42c11040fd9e6ca68731280820	-rw-rw-r--	-rw-rw-r--	0	0	Enable existing custom settings only: dac_to_store, tf_image_cache_enable, tf_music_db_enable; retain all other official 1.3 fields
/usr/resource/layout/theme1/dialog/adb.dlg	modify	d38562479d842063c8736fc3c6009ba0fa718e97cfae73c0588d5034e5e47542	e6b1abb3d07167688fc20ab1debbb6a92ca50203d7891480561dc47e48d97439	-rwxrwxr-x	-rwxrwxr-x	0	0	Port custom layout styling; Restore tv_adb to official parent vg_dialog_adb; translate custom coordinates by (0,50)
/usr/resource/layout/theme1/dialog/book_percent.dlg	modify	69de93f8c76c62490e21b521c7507bee701fcbb4f5d51f547defa4756e8fb312	93ddd34d2da815a9b9d5385b441a9c75ca1145ccadd2c67f6b2420474ba14bfa	-rwxrwxr-x	-rwxrwxr-x	0	0	Port custom layout styling; all official 1.3 name/type/parent and indexed-image contracts retained
/usr/resource/layout/theme1/dialog/book_remove.dlg	modify	2a43993e788085fb7105b1a69e863639d6eb0e08f43d77b46e2e7d1fa9c779b9	03af611142da653b4d277db85d7648e140367f80aebfbc33c222621331880dd7	-rwxrwxr-x	-rwxrwxr-x	0	0	Port custom layout styling; all official 1.3 name/type/parent and indexed-image contracts retained
/usr/resource/layout/theme1/dialog/book_setting.dlg	modify	861d62c2bd2f22588b7f71709dac37a998b708a27f5488ab7327cd1330653234	9000eece6ca66e6ac176a87a5fd50a9099607e55d40d977bb5e9ecae3e1b1532	-rwxrwxr-x	-rwxrwxr-x	0	0	Port custom layout styling; Retain 1.3 dialog geometry/back/title/OK/Cancel; port custom dark colors and fonts. Reject old 350px clipping and donor-only extra controls.
/usr/resource/layout/theme1/dialog/bookmark_menu.dlg	modify	f128c20676e2eacf6c53958840e7e7d35c8a8fe96b1c93f4d1c562489ec75ea2	8bd272dec04b498fd9c384e53f52860d650edc44a8686bddd18af22cb0107389	-rwxrwxr-x	-rwxrwxr-x	0	0	Port custom layout styling; all official 1.3 name/type/parent and indexed-image contracts retained
/usr/resource/layout/theme1/dialog/bookmark_remove.dlg	modify	05d34f81f919bbc3bed0144aa4f5acdf72a4f769b324bb0e19060cbc0668c73e	ca67cb7f505b22f65c374aed61b928bbe691be7ebad789519bddc7893129923f	-rwxrwxr-x	-rwxrwxr-x	0	0	Port custom layout styling; all official 1.3 name/type/parent and indexed-image contracts retained
/usr/resource/layout/theme1/dialog/bt_scan.dlg	modify	b1b060748e55dadf23e63b8fe3dd4a656adfb239324f35f546cfc99a278e63e6	a1e180bbe892565d2cd576e1936dd7e97d2a070692f42020d1a99ba1cd2bd2b2	-rwxrwxr-x	-rwxrwxr-x	0	0	Port custom layout styling; all official 1.3 name/type/parent and indexed-image contracts retained
/usr/resource/layout/theme1/dialog/bt_vol_adjust.dlg	modify	33dff0989158e7b506902aa104c94287e8a2331694a69255d28240dfbb28dbed	9985ae468579f1206917a652a1ecd0c5225d5524c045507ee1f01d29ecfaa945	-rwxrwxr-x	-rwxrwxr-x	0	0	Port custom layout styling; all official 1.3 name/type/parent and indexed-image contracts retained
/usr/resource/layout/theme1/dialog/check_upgrade.dlg	modify	864e8b377aefb3d246f7c1cf37704878631e9fbd78b966feea56f18ebc7632b1	bf0a8c6e9f859c37d587e80aeb3cd2ab853a55842e917d2bace1323025b0a939	-rwxrwxr-x	-rwxrwxr-x	0	0	Port custom layout styling; Restore official 1.3 element tv_check_upgrade under vg_dialog_check_upgrade; Use official tv_check_upgrade name for custom checking label, without duplicate text
/usr/resource/layout/theme1/dialog/confirm.dlg	modify	7e5a6092aa7ff9ea131757887e206864ebec2029e868a2ae686ca5c77c10edb7	fca8336ad97cdf90f2306364edc96cfdfadba478a7a7c841270a3b4f49705edc	-rwxrwxr-x	-rwxrwxr-x	0	0	Port custom layout styling; all official 1.3 name/type/parent and indexed-image contracts retained
/usr/resource/layout/theme1/dialog/data_dealing.dlg	modify	81b602b9a34a573cfd1b526424fbccc5c86a3e8e735af99a1e09a789a67de6f3	0287ee62c920ea93bfa5668430c9620f6b00838354cc8f13b160a00611c69961	-rwxrwxr-x	-rwxrwxr-x	0	0	Port custom layout styling; Restore tv_dealing to official parent vg_dialog_data_dealing; translate custom coordinates by (10,125)
/usr/resource/layout/theme1/dialog/date_set.dlg	modify	c1fd3331d534dd1fd14e67c24504b29a1cac300b5929b262034e5ca9f58bd65f	3ebec537f084d3e7b18440dd88cb8377345602fdf5a54b62c4d6f0b894bfeec9	-rwxrwxr-x	-rwxrwxr-x	0	0	Port custom layout styling; Restore date_set_iv_inc_year, aligned with custom date field; avoid field overlap; Restore date_set_iv_rd_year, aligned with custom date field; avoid field overlap; Restore date_set_iv_inc_month, aligned with custom date field; avoid field overlap; Restore date_set_iv_rd_month, aligned with custom date field; avoid field overlap; Restore date_set_iv_inc_day, aligned with custom date field; avoid field overlap; Restore date_set_iv_rd_day, aligned with custom date field; avoid field overlap
/usr/resource/layout/theme1/dialog/hibylink_bt_ask.dlg	modify	fdb89f1d1789524c85576ff8fa99b481f644fe2f2058b60d3596200cfde48d86	61a443ba6de7bf515d3fa2e3c581a66e024e5da7e7199e8a4865b214cef65db1	-rwxrwxr-x	-rwxrwxr-x	0	0	Port custom layout styling; all official 1.3 name/type/parent and indexed-image contracts retained
/usr/resource/layout/theme1/dialog/instructions.dlg	modify	9f1320081f20c7b5bb3da54716cd6740a22a2d11d32f2bcf6d242298e6ea829c	350fc1c585b03c7fb32ab443cf609adce6f99365500fa31b89d2a4163a41031c	-rwxrwxr-x	-rwxrwxr-x	0	0	Port custom layout styling; all official 1.3 name/type/parent and indexed-image contracts retained
/usr/resource/layout/theme1/dialog/listview_menu_op.dlg	modify	6e7724a90c11aaa43b2dec00459ebb27f0fc883dc4aacf85c81fc739a11e0d2b	2a4cc6f40770ce08d5c048de819a8564f36c33c10db3c8bcce5b27a5ee735efd	-rwxrwxr-x	-rwxrwxr-x	0	0	Port custom layout styling; all official 1.3 name/type/parent and indexed-image contracts retained
/usr/resource/layout/theme1/dialog/load_fail.dlg	modify	aee14488d8cc80b4d453faad24f40ef05943107365896c0a2d640101a13e27fe	c1e58d6f6c734c130cb601456c501286d525193472ac7b8c878bb5cbe7d670e6	-rwxrwxr-x	-rwxrwxr-x	0	0	Port custom layout styling; Restore tv_load_fail_err_code to official parent vg_dialog_load_fail; translate custom coordinates by (10,115); Restore tv_load_fail to official parent vg_dialog_load_fail; translate custom coordinates by (10,115)
/usr/resource/layout/theme1/dialog/loading.dlg	modify	8d4968093fa2beac2eb4dae901d98df41749a7a38c157df77b93e8c5727754b6	b5a4602dac0fb69542995e107c8a2f89511f06cf2e4270366311851350407607	-rwxrwxr-x	-rwxrwxr-x	0	0	Port custom layout styling; Restore dialog_iv_loading to official parent vg_dialog_loading; translate custom coordinates by (30,121); Restore dialog_tv_dealing to official parent vg_dialog_loading; translate custom coordinates by (30,121)
/usr/resource/layout/theme1/dialog/music_update.dlg	modify	64580f4035f6789a4de09fa834beeb825034e339bd1e0a609fd9025fa8f4a99b	b0eeafb8fa6d2a6cce0dec3cf29258e0a82ea51b8dcb973107c81d43a4431556	-rwxrwxr-x	-rwxrwxr-x	0	0	Port custom layout styling; all official 1.3 name/type/parent and indexed-image contracts retained
/usr/resource/layout/theme1/dialog/net_info.dlg	modify	4c532238c000bdd3185685f2fda20da076135bce8941c4fce9faa6e7cd007ee1	84cbf186dc6db0f79c4d7d153ac7800fe8f4b658803217c2949220f4b857df90	-rwxrwxr-x	-rwxrwxr-x	0	0	Port custom layout styling; Restore tv_host_name to official parent vg_dialog_net_info; translate custom coordinates by (10,143); Restore tv_host_name_attr to official parent vg_dialog_net_info; translate custom coordinates by (10,143); Restore tv_mac to official parent vg_dialog_net_info; translate custom coordinates by (10,143); Restore tv_mac_attr to official parent vg_dialog_net_info; translate custom coordinates by (10,143); Restore tv_ip to official parent vg_dialog_net_info; translate custom coordinates by (10,143); Restore tv_ip_attr to official parent vg_dialog_net_info; translate custom coordinates by (10,143)
/usr/resource/layout/theme1/dialog/notice.dlg	modify	490421e1bccf17cf8e2f5365505cc276570167804069549559f25d29c2fdd9f4	54521a780b0148e1920ccb0978e42eaa600d74fc8bbdd9d6c1257f8bf287d624	-rwxrwxr-x	-rwxrwxr-x	0	0	Port custom layout styling; Restore tv_notice to official parent vg_dialog_notice; translate custom coordinates by (0,0); Remove empty donor wrapper left before tv_notice by parent-restoration merge; preserve official direct text parent, custom popup geometry/colors and dynamic message path
/usr/resource/layout/theme1/dialog/notice_second.dlg	modify	dbb421be7a5d7dd103fa2451297c0f4da0dbe3e911ac340c2d5b06b09b4c4bd6	71c8f813546aa1a12bc8df9f43000854b52b30101be4a2982613a00d2e4694de	-rwxrwxr-x	-rwxrwxr-x	0	0	Port custom layout styling; Restore tv_notice_first to official parent vg_dialog_notice_second; translate custom coordinates by (0,0); Restore tv_notice_second to official parent vg_dialog_notice_second; translate custom coordinates by (0,0)
/usr/resource/layout/theme1/dialog/output_select.dlg	modify	1eb568d2cc294f8744c83bfe442c0bc74b89f7f0fc7b66bff14e472444acc7a6	c0a83fa59e94130ce7020465b89e8fca41351b80acab342c091eca67779701a8	-rwxrwxr-x	-rwxrwxr-x	0	0	Port custom layout styling; all official 1.3 name/type/parent and indexed-image contracts retained
/usr/resource/layout/theme1/dialog/percentage_adjust.dlg	modify	4f0f7d7b32ecee6d6a96a55e33e3f86e868e987ad5739d40fd7fbedc100fffc0	4ff9a9e38fa151c4f997400dbf07abdbd519ecea09b260c08b81b4096faf4c98	-rwxrwxr-x	-rwxrwxr-x	0	0	Port custom layout styling; all official 1.3 name/type/parent and indexed-image contracts retained
/usr/resource/layout/theme1/dialog/play_menu.dlg	modify	51a808eff2c06a7d5d1ffbfbb84a5adda58ade29bd520a434783f3576c989858	bc017d0bde63b7e6bebcb8e082d5416ae22c4b97c4f820183de77fce7c0ea090	-rwxrwxr-x	-rwxrwxr-x	0	0	Port custom layout styling; all official 1.3 name/type/parent and indexed-image contracts retained
/usr/resource/layout/theme1/dialog/play_remove.dlg	modify	56a1b7dff542dc36fbe98b81652f7b7f91acfb48406f2d338498c0ca0f90b2c4	f9a446a3b2dd548198aeca8f72ce4666230c53d06ae6eede7a9cad6db784224d	-rwxrwxr-x	-rwxrwxr-x	0	0	Port custom layout styling; all official 1.3 name/type/parent and indexed-image contracts retained
/usr/resource/layout/theme1/dialog/play_reprater_prompt.dlg	modify	d180d39bb51fb67c66109ddbbf2c6d8ac7524e2455d80ccaf9cba929d3381148	04641a015a9c0b6298b2a7ef2949c39ebc2364d2dbfa6b71bc95f14b92d07e2e	-rwxrwxr-x	-rwxrwxr-x	0	0	Port custom layout styling; all official 1.3 name/type/parent and indexed-image contracts retained
/usr/resource/layout/theme1/dialog/playmenu_song_info.dlg	modify	de4cb5ef11640426974223584750ceea1d4be7e10ef711a2b5a603cb87f5c542	2ceba5e84e8f25384192d20483f757253b1637871572f43a62a37a473aca1763	-rwxrwxr-x	-rwxrwxr-x	0	0	Port custom layout styling; Restore official 1.3 element playmenu_song_info_tv_title under playmenu_song_info_vg; Restore official 1.3 element playmenu_song_info_tv_artist under playmenu_song_info_vg
/usr/resource/layout/theme1/dialog/power_save_shutdown_timer.dlg	modify	25b4e39dfc27067ffacbfb2b3dd0425536b608a30d61d22f8d058ffc8519feef	0ecfdcc99865db47e2f6aeaf47dbb697a85f6073ec7fa0193a1b10e1765469f7	-rwxrwxr-x	-rwxrwxr-x	0	0	Port custom layout styling; all official 1.3 name/type/parent and indexed-image contracts retained
/usr/resource/layout/theme1/dialog/qrcode.dlg	modify	83982031220af8700a9c7fa8269d9c0dd7c38747055fe7151880f2e3219bfea4	b533ace63f7d8bacacbd4a5d47f87753bd0b1efb1c2f72b5215ab3b18d191733	-rwxrwxr-x	-rwxrwxr-x	0	0	Port custom layout styling; all official 1.3 name/type/parent and indexed-image contracts retained
/usr/resource/layout/theme1/dialog/record_back.dlg	modify	04ed63f21f528174de452c2c49cfc699ebbe9027c7ee73f2a5878a38192d04fe	f40b2be5e618390eeadec5186ed00f11d874518888290a2c24000267de13ca02	-rwxrwxr-x	-rwxrwxr-x	0	0	Port custom layout styling; all official 1.3 name/type/parent and indexed-image contracts retained
/usr/resource/layout/theme1/dialog/remove_folder.dlg	modify	ddb9882be127322bc114913ed6c2a4f77124be242fa716480a70d3677e49c1f1	bb3faa0e4bda3b71b51883b599f690d61fa059ae7c38ab5f532e144a5cb31d0a	-rwxrwxr-x	-rwxrwxr-x	0	0	Port custom layout styling; all official 1.3 name/type/parent and indexed-image contracts retained
/usr/resource/layout/theme1/dialog/remove_song.dlg	modify	75b26b95dd894c915a9ca22e9a968b8eed48c74be10d57631e4a62040ab67efd	453a6d68b328ffe520ac9a52fdadd3f10efafa8bff98ab775ed05b37571921fe	-rwxrwxr-x	-rwxrwxr-x	0	0	Port custom layout styling; all official 1.3 name/type/parent and indexed-image contracts retained
/usr/resource/layout/theme1/dialog/repeat_name_op.dlg	modify	a7e5b75a090f01ebc1bba6e4a87dc5fba42785fb9be95fa4ca2a0d75019368ea	1ec45fb53b2b16200d61aea49f04b5382209b1a992cc7bb14f3e68c630b4306f	-rwxrwxr-x	-rwxrwxr-x	0	0	Port custom layout styling; all official 1.3 name/type/parent and indexed-image contracts retained
/usr/resource/layout/theme1/dialog/restore.dlg	modify	b31c0afe60cd16af44a61dc4b0380db6844c9bd556e45bde5f0176dd68fe1f1d	8c1a13aebf0c2686849223e973eda0c70fe8711adfea9e9ffe2c1d34a03e937e	-rwxrwxr-x	-rwxrwxr-x	0	0	Port custom layout styling; all official 1.3 name/type/parent and indexed-image contracts retained
/usr/resource/layout/theme1/dialog/set_playspeed.dlg	modify	654324b896257fb2f4c0e9dc29853b4238533897bbea11e613f616f43623cf0e	65c2fc321923ac45ba3729e1af557c0e07754b4b12a127e2f61bf1ad2da76e3a	-rwxrwxr-x	-rwxrwxr-x	0	0	Port custom layout styling; all official 1.3 name/type/parent and indexed-image contracts retained
/usr/resource/layout/theme1/dialog/settings_clock_set.dlg	modify	bfcced07976ff87f84d1b34c52581d22d3f8882eaa0ac2cd8b42e9c0506f7dac	56fe4f7ecbc3d970635494f586084304f12cdafede040e43d9045b926b5cc513	-rwxrwxr-x	-rwxrwxr-x	0	0	Port custom layout styling; Restore settings_clock_set_iv_inc_hour, aligned with custom clock field; Restore settings_clock_set_iv_rd_hour, aligned with custom clock field; Restore settings_clock_set_iv_inc_minute, aligned with custom clock field; Restore settings_clock_set_iv_rd_minute, aligned with custom clock field
/usr/resource/layout/theme1/dialog/settings_color.dlg	modify	de00a69f43802c6cf06817915a68f8db61ec19d988663a1fd2d5546792ee78bc	505cd004ff408db9995da65697c477cb2e710fcf562bc1d9d75fa74e72b6f3a1	-rwxrwxr-x	-rwxrwxr-x	0	0	Port custom layout styling; Restore dynamic on/off label beside custom toggle without overlap
/usr/resource/layout/theme1/dialog/settings_digital_filter.dlg	modify	aa59edd4b35c6119bca8e61902111d097d3234649404bd670e19cf0812769129	03011e960c69c5389de65c29da6d596925e66e9e49d2496364c3be54fb0becc6	-rwxrwxr-x	-rwxrwxr-x	0	0	Port custom layout styling; all official 1.3 name/type/parent and indexed-image contracts retained
/usr/resource/layout/theme1/dialog/shutdown_timer.dlg	modify	102e2a0ae66202817b4b01437365a2384f2445b101bc4d6c01df5ffe70ac1743	5a6d118bd4af98fdba35aa6d6a8ffb975fcfb14d5b2cc2143d1969f4de392c89	-rwxrwxr-x	-rwxrwxr-x	0	0	Port custom layout styling; Restore shutdown_timer_tv_msg to official parent vg_dialog_shutdown_timer; translate custom coordinates by (10,133); Restore shutdown_timer_tv_count to official parent vg_dialog_shutdown_timer; translate custom coordinates by (10,133)
/usr/resource/layout/theme1/dialog/song_nosupport.dlg	modify	88d3e6bb6395b1cd572efcf6709b3ec108347751620314a035e002e083329292	e14c7cc8f65bda416fb152abc833b280f4a6e2d54323980e197b819901c268c1	-rwxrwxr-x	-rwxrwxr-x	0	0	Port custom layout styling; Restore tv_song_name to official parent vg_dialog_song_nosupport; translate custom coordinates by (30,115); Restore tv_song_nosupport to official parent vg_dialog_song_nosupport; translate custom coordinates by (30,115); Restore tv_song_try_to to official parent vg_dialog_song_nosupport; translate custom coordinates by (30,115)
/usr/resource/layout/theme1/dialog/tidal_qrcode.dlg	modify	2c48c7a39814de385ca66d21a589849f7616898d817c78e48ad3d51369a9de10	aeca3bcb75f4eadb8059feddbb059ca8b654d3603602222a2822aa343a23e556	-rwxrwxr-x	-rwxrwxr-x	0	0	Port custom layout styling; all official 1.3 name/type/parent and indexed-image contracts retained
/usr/resource/layout/theme1/dialog/tidal_subscription.dlg	modify	d4f91a26980eb1ab04f338addaa1b17d5aede950def8cf0e3f33f1891a9a1abb	e96745d1c72958b5e2d6da3749a2c13e053cf36374f7bf26f96b8c04a4ce9e0c	-rwxrwxr-x	-rwxrwxr-x	0	0	Port custom layout styling; all official 1.3 name/type/parent and indexed-image contracts retained
/usr/resource/layout/theme1/dialog/tune_preset_tuning.dlg	modify	03047dcbdcdf2a59d4017c4b04ea0f971e30c25b091d442ae947ac984a41ddbd	1d852aa1afb6810f1e3a170f0d7fcd1aee9447054493c44aa0f61e4bc10089ac	-rwxrwxr-x	-rwxrwxr-x	0	0	Port custom layout styling; all official 1.3 name/type/parent and indexed-image contracts retained
/usr/resource/layout/theme1/dialog/tune_set.dlg	modify	de1bb501508764c04d006230403a2c1b5e7642d572cdcffc21d0093e07b3bac6	a40719625664077be90ad3686b45a77505f71ed81d06edd748729b797ee2e191	-rwxrwxr-x	-rwxrwxr-x	0	0	Port custom layout styling; all official 1.3 name/type/parent and indexed-image contracts retained
/usr/resource/layout/theme1/dialog/url_qrcode.dlg	modify	6cadd6f14acca1853aea5159c3e5d905633efb6d5e8b3d41d7d97cd3ed980616	1945d8a10161822b19e257f793112ee89e35fd5a0e39cb36d4d98c6ecc9f2843	-rwxrwxr-x	-rwxrwxr-x	0	0	Port custom layout styling; all official 1.3 name/type/parent and indexed-image contracts retained
/usr/resource/layout/theme1/dialog/volume.dlg	modify	d0b35c220b13855503b655a4a7f6bb339ad59e5259d66156409326829ccb14a6	48f8d119a02b653792c279df8edad4b5b1e7a0266f13692dc5a60bd1b9c0b227	-rwxrwxr-x	-rwxrwxr-x	0	0	Port custom layout styling; all official 1.3 name/type/parent and indexed-image contracts retained
/usr/resource/layout/theme1/dialog/volume_long_time_high.dlg	modify	434888c86eb6346603494dc926fde758e1b3faa5b8af86bf699fb7786bde1c68	11951ffbbc8c108b94cfc71ecae376b8f7de8b7fad5ec8047839e6eca617954d	-rwxrwxr-x	-rwxrwxr-x	0	0	Port custom layout styling; all official 1.3 name/type/parent and indexed-image contracts retained
/usr/resource/layout/theme1/dialog/wifi_password.dlg	modify	dea735a26fdcf3df005f8db4eb586cb8438a516c56f2aaeb9ec349bdca786840	9cbcf6b49d216b27a8a65500b25d759dd0c5482029904696f46aafa7796e8945	-rwxrwxr-x	-rwxrwxr-x	0	0	Port custom layout styling; all official 1.3 name/type/parent and indexed-image contracts retained
/usr/resource/layout/theme1/dialog/wifi_scan.dlg	modify	ab1ae20ff3bfda3f7c14a192c077ae779976a240eb6989a14e60b6596cf92d41	da06c65fc0fc60ec4ee9f1feb4588dec6fd378f1cc6e3b48dc7a593d28d80229	-rwxrwxr-x	-rwxrwxr-x	0	0	Port custom layout styling; all official 1.3 name/type/parent and indexed-image contracts retained
/usr/resource/layout/theme1/hiby_about_dev.view	modify	899a1bae14a17c8481410eaa4ccd47b28c957118dc5e406d337e963bd7593c35	efabc15f5fe1f31526fac4267d195f5829e59fd4536eb258c0cc532a5b7852df	-rwxrwxr-x	-rwxrwxr-x	0	0	Port custom layout styling; all official 1.3 name/type/parent and indexed-image contracts retained
/usr/resource/layout/theme1/hiby_airplay.view	modify	c1255661bf18e655bfb88bb94c002ef482e1743958a0f33b134b361cc749674e	4f590ec22d536b5536a6ffaa3b9ab3b33b5fb195c9fd460ca370ad7fd9bb2292	-rwxrwxr-x	-rwxrwxr-x	0	0	Port custom layout styling; all official 1.3 name/type/parent and indexed-image contracts retained
/usr/resource/layout/theme1/hiby_bt_input.view	modify	75277fc1503bc81c6305a527825e8ac2e05a49a6b858958fb2cb68cdef79fd5f	f67e09506a02c21adf719adff3dbd7ad544dbac83c3ef5ef165053a5808c7c6a	-rwxrwxr-x	-rwxrwxr-x	0	0	Port custom layout styling; all official 1.3 name/type/parent and indexed-image contracts retained
/usr/resource/layout/theme1/hiby_category_label.view	modify	d2aee062f299f3d74569b5b78c765fca0e352175d780bf3b8ce4a57f17cafa20	71e0dd146a19f074f61671db5066bb9b74ee529115a6f4e22a796368278e71b9	-rwxrwxr-x	-rwxrwxr-x	0	0	Port custom layout styling; all official 1.3 name/type/parent and indexed-image contracts retained
/usr/resource/layout/theme1/hiby_certificate.view	modify	a2eb020b164527f13071697eccaaa92b2c87a66dd5a52fe2f3b16f8fcb0f028e	78d590935a9cfc272fa4ea0e5fd72ec82e04c894978967c5292068abf006cdcf	-rwxrwxr-x	-rwxrwxr-x	0	0	Port custom layout styling; all official 1.3 name/type/parent and indexed-image contracts retained
/usr/resource/layout/theme1/hiby_charge.view	modify	a80f40dc3bd637693782848672700f514fed4e20bf92483afe4143dce07bda74	1d72abd34a566056950d45458832706cc00194a400feb9f2a58c08e1b7fe221b	-rwxrwxr-x	-rwxrwxr-x	0	0	Port custom layout styling; all official 1.3 name/type/parent and indexed-image contracts retained
/usr/resource/layout/theme1/hiby_dac.view	modify	8ac26e713c431fc9a76f008cce03c4fc9ed5bcf3312dbf2067ecb235c4095d7b	cc4744e0b99f531890ddd6d00a8fd5251273d387e58a347b8ea4a6392710d081	-rwxrwxr-x	-rwxrwxr-x	0	0	Port custom layout styling; all official 1.3 name/type/parent and indexed-image contracts retained
/usr/resource/layout/theme1/hiby_dns_set.view	modify	6e22400459c4a5edf900cfb5fffde784827f13d298faae26c93b4a3c14d18f7c	5c1f048c9840680fea58dbf3877e383ff98099ea0d87fd11092037bb4c4d289d	-rwxrwxr-x	-rwxrwxr-x	0	0	Port custom layout styling; all official 1.3 name/type/parent and indexed-image contracts retained
/usr/resource/layout/theme1/hiby_eq_title.view	modify	2b014ce2c9e35af378cb0c9e03e614f539eee3c841b54d0358c0d00b1bec3386	bba6ea30077d0bc155624ae6f19fda3a3131629e58a8dce4ef18271d00c1f929	-rwxrwxr-x	-rwxrwxr-x	0	0	Port custom layout styling; all official 1.3 name/type/parent and indexed-image contracts retained
/usr/resource/layout/theme1/hiby_equalizer.view	modify	ae1f29faa95056eb8ac61df540144df705541ffcc213ad004a98b04fb2ea314b	5ce54fa5757a298b376ff7708a9ebbea07c7f3d6d1378584cd91d811c1693590	-rwxrwxr-x	-rwxrwxr-x	0	0	Port custom layout styling; all official 1.3 name/type/parent and indexed-image contracts retained
/usr/resource/layout/theme1/hiby_eula_op.view	modify	15a6888b197e8f35891e8b22722649c09408b4d98bccf1ad2b9a6362fa60ec36	a0da6e95574cfc1ecf0cbb628980ebffe8f3dcde8a100efbbec3340b5b3da648	-rwxrwxr-x	-rwxrwxr-x	0	0	Port custom layout styling; all official 1.3 name/type/parent and indexed-image contracts retained
/usr/resource/layout/theme1/hiby_exception.view	modify	4d63c90c6f64be33b8a1de7eb58c18da0d809ac20c46bce949291c8f647d68b7	589859725dbad691999587bea942b12bcdde90897dc7067444ef641f7c830bdd	-rwxrwxr-x	-rwxrwxr-x	0	0	Port custom layout styling; all official 1.3 name/type/parent and indexed-image contracts retained
/usr/resource/layout/theme1/hiby_keyboard.view	modify	97882a4c56222452e8e4bd67a4d706b481c955e4d0b01bedef33ed52c5d370eb	c6cd0fb506ef5b6b782a9cf45712817dc77587f018aba05810d7239d252a6bd4	-rwxrwxr-x	-rwxrwxr-x	0	0	Port custom layout styling; all official 1.3 name/type/parent and indexed-image contracts retained
/usr/resource/layout/theme1/hiby_listview_mult_menu.view	modify	2b79254fe5257b9912a165fbe75699b76bd6fc82e2a50c4f7158401ad810e329	bb54c18a2004fd76046d12c6a74519a18def9977097e65190b4a246708018ab8	-rwxrwxr-x	-rwxrwxr-x	0	0	Port custom layout styling; all official 1.3 name/type/parent and indexed-image contracts retained
/usr/resource/layout/theme1/hiby_main_category.view	modify	35db4b9ebe9df96fd989f3ed09b3592ff5e9fe77aaa740a0fe29a56ac20216f2	c9611c4949f67e042e23b20e9b6a904de2578e771e6be816a755e6b192a16358	-rwxrwxr-x	-rwxrwxr-x	0	0	Port custom layout styling; all official 1.3 name/type/parent and indexed-image contracts retained
/usr/resource/layout/theme1/hiby_main_songlist.view	modify	fa6feb43ee76dbe256647b62bf1a7c20cc55b762e6edbf4d2704c538c1a8850b	f134f25443dd8bb760c0c28853290b259bc651f6ba5d3b2dfdfcadf2b6a96713	-rwxrwxr-x	-rwxrwxr-x	0	0	Port custom layout styling; all official 1.3 name/type/parent and indexed-image contracts retained
/usr/resource/layout/theme1/hiby_manual_ssid.view	modify	1a24f7fb0fb9b36445ba400afcf9a1e14c658d7c5e3a1296e6bddb9b4dda1965	9353213130d340bb2485636ca7bffad0ef240416a1def4232d63d9963772ecac	-rwxrwxr-x	-rwxrwxr-x	0	0	Port custom layout styling; all official 1.3 name/type/parent and indexed-image contracts retained
/usr/resource/layout/theme1/hiby_mseb_name.view	modify	bd9a3e991d8ad16ab9f4f84ed6dd056900faf16c8a51ba471490b569ac666c90	458cebbf1baafe05302f6420d7b79ef8004c5c1f00ed30b5b36a6b8db11e02a3	-rwxrwxr-x	-rwxrwxr-x	0	0	Port custom layout styling; all official 1.3 name/type/parent and indexed-image contracts retained
/usr/resource/layout/theme1/hiby_music_search.view	modify	90e8150baef1e08f22efa902293756f9f28d18efbcbdf9f8ea375fc90089992a	c2e3879760045375bc7fb54daccc1ca3b4d47a9f94f89aa085495bed23c8e962	-rwxrwxr-x	-rwxrwxr-x	0	0	Port custom layout styling; all official 1.3 name/type/parent and indexed-image contracts retained
/usr/resource/layout/theme1/hiby_net_settings.view	modify	184199ae2b52bf939a718a4a06b66ff27c101faddfcb23c706fdf4b356d5aa72	6c325098654cd332122f984175fdef25088a06e43096b1d19e7e5344b64205bb	-rwxrwxr-x	-rwxrwxr-x	0	0	Port custom layout styling; all official 1.3 name/type/parent and indexed-image contracts retained
/usr/resource/layout/theme1/hiby_play_menu.view	modify	e7626114b186f2806ed5e06a1be9b317f2626d82adca6f523780daa5c36b0b2b	dc2ae7e92b50413e1a19553d7c3e57859f76a84fe5a940c0e4fe5d6c3969bbe8	-rwxrwxr-x	-rwxrwxr-x	0	0	Port custom layout styling; all official 1.3 name/type/parent and indexed-image contracts retained
/usr/resource/layout/theme1/hiby_play_speed_menu.view	modify	e5c8dea261c730e829589986aa722f05e7446ad310b39700d5d918f6c6cae053	9f92906ea2e71cda6583cb5d583ac99759f3e5de74f77775273b7981df56b340	-rwxrwxr-x	-rwxrwxr-x	0	0	Port custom layout styling; all official 1.3 name/type/parent and indexed-image contracts retained
/usr/resource/layout/theme1/hiby_playing_plane.view	modify	5179116b904c5809c4cdb4f873f10454536f84be89a132944d7d7f4f4c5fdf8f	a97f9cb50f1568b050da5e1a77a4939afbc7e3f153affb45db2b6331348d514d	-rwxrwxr-x	-rwxrwxr-x	0	0	Port custom layout styling; Retain old optional background-cover element hidden; preserve edge-to-edge custom album artwork; Restore full-sized song-info overlay container instead of custom 1x1 clipping; retain initially hidden state; Restore official normal=play/focus=pause state-axis semantics for both indices; retain custom 56x56 icons and geometry, without mixing stock 30x30 pressed artwork
/usr/resource/layout/theme1/hiby_playlist_name.view	modify	4cd5f254c9b4261d4d6e2c74f54dcc55073c00454b96c94fc61ce9c209403c95	f764aa6ddaf26e879af7c5f8f5b8d5b7e48dc83359416bc8f91f86fbe2428f3a	-rwxrwxr-x	-rwxrwxr-x	0	0	Port custom layout styling; all official 1.3 name/type/parent and indexed-image contracts retained
/usr/resource/layout/theme1/hiby_pull_down_menu.view	modify	8643bbcd20b2646eff0fc0c7327abab4406c54e9b60585d972d8f7b701daaed3	57d1cab26c526e866885ef488285e65709a1e667f1b95ae6f3cd2e145245b8c2	-rwxrwxr-x	-rwxrwxr-x	0	0	Port custom layout styling; Retain pull_down_menu_iv_vol hidden as compatible lookup object; preserve shipped brightness-only pull-down; Retain pull_down_menu_vol_pb hidden as compatible lookup object; preserve shipped brightness-only pull-down; Retain pull_down_menu_iv_line hidden as compatible lookup object; preserve shipped brightness-only pull-down
/usr/resource/layout/theme1/hiby_radio_label.view	modify	f7af05e873ae1058d685cc4d93626f8519fb12223637caf51139f9185335607d	826b89c4e17a18a2289675610fb390da9dc22e8601c3eda24d63dad43f9c4441	-rwxrwxr-x	-rwxrwxr-x	0	0	Port custom layout styling; all official 1.3 name/type/parent and indexed-image contracts retained
/usr/resource/layout/theme1/hiby_record.view	modify	0458b073874db1c3b8d62612b5e0093da51b6cf4387296d1958043d6b1f4e023	83b5470f007dd55a32830b84478f466f18fc855bd74c7759770991ef50d14d28	-rwxrwxr-x	-rwxrwxr-x	0	0	Port custom layout styling; all official 1.3 name/type/parent and indexed-image contracts retained
/usr/resource/layout/theme1/hiby_record_new_name.view	modify	eca7f84a46e54f34578045f014a7f1418761c5d61a47c22df5fb1233aa200116	f92bf9b3a0a20244a047dfb8f9dd380fc7664876e29308b9763516b0fe718dc2	-rwxrwxr-x	-rwxrwxr-x	0	0	Port custom layout styling; all official 1.3 name/type/parent and indexed-image contracts retained
/usr/resource/layout/theme1/hiby_screensavers.view	modify	41d4e491bd92c446ce64b4a2f99cb7dd080d64b2ce41c97b3679d0015dccb778	5f48e7c55fe3b1b9b9f34535d10abd660a5c85f3350cae7838ccbf90cd82ceec	-rwxrwxr-x	-rwxrwxr-x	0	0	Port custom layout styling; all official 1.3 name/type/parent and indexed-image contracts retained
/usr/resource/layout/theme1/hiby_search_label.view	modify	6c241919420b8f4fe02c6784a5bdc032af04987465bc1e81da13912ed97d8080	3aa906a9ffe05a1893121c831c01c06345762ac9a8e731e10ae392a16b273de4	-rwxrwxr-x	-rwxrwxr-x	0	0	Port custom layout styling; all official 1.3 name/type/parent and indexed-image contracts retained
/usr/resource/layout/theme1/hiby_set_sub_back.view	modify	c8d842c7303a1b67b9d0c5d2a2623884b7acfdd8243d17689efe5229aba07bc7	a3c4210939054c70c622529524a12036e407b20368f99e8317706543dee57e77	-rwxrwxr-x	-rwxrwxr-x	0	0	Port custom layout styling; all official 1.3 name/type/parent and indexed-image contracts retained
/usr/resource/layout/theme1/hiby_smb_login.view	modify	155572387db695b96b685a8dbb45cbc3dba57963d0183a14ef8c156808783d5d	a3d1cfe395986c38ff969b0aceb78dea8872a94e58e3e265f230349a069176be	-rwxrwxr-x	-rwxrwxr-x	0	0	Port custom layout styling; all official 1.3 name/type/parent and indexed-image contracts retained
/usr/resource/layout/theme1/hiby_song_info.view	modify	6ef53b2ceb512cbfb050221458fada35bd3d590062b07d8e60a5aa364fd5e341	71c4a93342abf0cb3ee16b56fb06780b0a1d26ed949e6f0496abc1b8e35a9fda	-rwxrwxr-x	-rwxrwxr-x	0	0	Port custom layout styling; Restore official 1.3 element lv_info_tv_title under lv_info_vg_bg; Restore official 1.3 element lv_info_tv_artist under lv_info_vg_bg
/usr/resource/layout/theme1/hiby_songlist_label.view	modify	ceb3a47870f2ef6e2a2a2effd7fd274b87db2620823d00b2422bba559287daa3	c6593c139f0d512a84bdc5d78378195b7dd2dab8ceddaf65d39a59108ddf6bf9	-rwxrwxr-x	-rwxrwxr-x	0	0	Port custom layout styling; all official 1.3 name/type/parent and indexed-image contracts retained
/usr/resource/layout/theme1/hiby_stream_media.view	modify	b9a068b756c20e32dc917ee833017371219a098833f0874e543e96effa7a74a7	64c123c44af1348d9510aa7044cf95cc51bf94d26d62d3eb710ab7e4abfe38b9	-rwxrwxr-x	-rwxrwxr-x	0	0	Port custom layout styling; Restore stream_media_iv_tidal to official parent vg_stream_media_hiby; translate custom coordinates by (15,10); Restore stream_media_tv_tidal to official parent vg_stream_media_hiby; translate custom coordinates by (15,10); Restore stream_media_iv_qobuz to official parent vg_stream_media_hiby; translate custom coordinates by (167,10); Restore stream_media_tv_qobuz to official parent vg_stream_media_hiby; translate custom coordinates by (167,10)
/usr/resource/layout/theme1/hiby_stream_media_cn.view	modify	b0cef8891cd4a767dbfa648226512084861b92fffb3009446b6042015b52f535	eaf150a8184a71018db4823dcaed1d9aa9ded3bebf3f43e8eee7eb0309b8dbc9	-rwxrwxr-x	-rwxrwxr-x	0	0	Port custom layout styling; Restore stream_media_iv_tidal to official parent vg_stream_media_hiby; translate custom coordinates by (15,10); Restore stream_media_tv_tidal to official parent vg_stream_media_hiby; translate custom coordinates by (15,10); Restore stream_media_iv_qobuz to official parent vg_stream_media_hiby; translate custom coordinates by (167,10); Restore stream_media_tv_qobuz to official parent vg_stream_media_hiby; translate custom coordinates by (167,10); Restore stream_media_iv_radio to official parent vg_stream_media_hiby; translate custom coordinates by (15,144); Restore stream_media_tv_radio to official parent vg_stream_media_hiby; translate custom coordinates by (15,144)
/usr/resource/layout/theme1/hiby_sub_back.view	modify	1575dc0b427847c09f5215568dcbb51e2976fd04caf838cad51c3a6a6c2b9f37	78e8efe7583aba2f725e314f2d512b929bd53b7e504ea32efe96f18adc434af7	-rwxrwxr-x	-rwxrwxr-x	0	0	Port custom layout styling; Restore official 1.3 element sub_back_iv_loading under vg_sub_back_hiby
/usr/resource/layout/theme1/hiby_switch.view	modify	9b4e4cab9b087f3415b9967a9a124a623a2c68729dc6391e20cdce1d1050839d	40ac0f7e661be35c23ebabdb994927634816ebb612a63fcdbb24166ff929c4cf	-rwxrwxr-x	-rwxrwxr-x	0	0	Port custom layout styling; all official 1.3 name/type/parent and indexed-image contracts retained
/usr/resource/layout/theme1/hiby_tidal_label.view	modify	98545a4cd7a8ed1db4e5e00e49bb45cb0e5734a3dd60acf3759696a90c38cbef	225937141045249bb8e58beeb4206e12a99405370954e153eb95fd80dab4048b	-rwxrwxr-x	-rwxrwxr-x	0	0	Port custom layout styling; all official 1.3 name/type/parent and indexed-image contracts retained
/usr/resource/layout/theme1/hiby_tidal_login.view	modify	3b76c3c669c6b6f654071eecb4fdeef7a036ccc2397537d202bbf8a86bcb014c	8c63abf48348cde7dbd41bc46c4565ba08abe1c08def4bd82facc122dc380402	-rwxrwxr-x	-rwxrwxr-x	0	0	Port custom layout styling; all official 1.3 name/type/parent and indexed-image contracts retained
/usr/resource/layout/theme1/hiby_tidal_play_info.view	modify	aeceb4f6d2f7acd141bb3232ac15715ce94db0ca32cd6e7c0cef0df0ea5f79eb	9ddde87f3f235648725883cae3f3b804c0e986d05514676c484de0c85aab20a1	-rwxrwxr-x	-rwxrwxr-x	0	0	Port custom layout styling; all official 1.3 name/type/parent and indexed-image contracts retained
/usr/resource/layout/theme1/hiby_tidal_search.view	modify	5e26cdde1161f8b24a5fecc22e23350e82ae3c37404f1bd312f1a92ce308ca6a	e6d0f5133fd7f7d95e6deb45f0180c1553fb0a3ac14400d8d2e7e5ac3d23d292	-rwxrwxr-x	-rwxrwxr-x	0	0	Port custom layout styling; all official 1.3 name/type/parent and indexed-image contracts retained
/usr/resource/layout/theme1/hiby_tidal_search_label.view	modify	f043288f2e6524b08686d2f43f0d60b8178bc1708f761cae36cd18d2a274a10b	e014befb59847a4a8780ec239d039d0b6e4bfb925d6f9e1265948bb2d8e1bfab	-rwxrwxr-x	-rwxrwxr-x	0	0	Port custom layout styling; all official 1.3 name/type/parent and indexed-image contracts retained
/usr/resource/layout/theme1/hiby_tidal_track_info.view	modify	79b5d9b1f4becb2252759aae1a1b53f5b8d7e2d92f0109875f4d08a50b44ad71	2d6feaaa9fe2ddc77c44dc6e68e98184ab8f37995ab9c7d6e18472913c70ca9c	-rwxrwxr-x	-rwxrwxr-x	0	0	Port custom layout styling; all official 1.3 name/type/parent and indexed-image contracts retained
/usr/resource/layout/theme1/hiby_tune.view	modify	a218397265249d5426f4e803cbe54cd4a87e360341f1dcce6ccf355e866d50f9	5276a02e6cd11090e708156b1fd5bd9b28a5b141c94df0a22a34aa1cecfd63ca	-rwxrwxr-x	-rwxrwxr-x	0	0	Port custom layout styling; all official 1.3 name/type/parent and indexed-image contracts retained
/usr/resource/layout/theme1/hiby_tune_title.view	modify	c518f495e2262206285a4469753b986c6c87244fbadf3856143625348f0d41a5	03854534d491a513acbf48744128d52c797e9829fdfdc56af1ecd206075e358e	-rwxrwxr-x	-rwxrwxr-x	0	0	Port custom layout styling; all official 1.3 name/type/parent and indexed-image contracts retained
/usr/resource/layout/theme1/hiby_upgrade_info.view	modify	e0e9994f96ce185dd8be0f4ef6d0ed33c1b053bc5119b6f692b2b5708688050b	65b8116a817af860f6bce471745ae010ef146955216b2b812524f06d55c9b7fd	-rwxrwxr-x	-rwxrwxr-x	0	0	Port custom layout styling; all official 1.3 name/type/parent and indexed-image contracts retained
/usr/resource/layout/theme1/hiby_upgrade_op.view	modify	e562a84af0ade718668f5744fab3c016cd93d2f29948b03bacb33c524e264186	ac87a3370f74203a58f3c56891df33c0ff0c93b30128175975897bd9528098c6	-rwxrwxr-x	-rwxrwxr-x	0	0	Port custom layout styling; all official 1.3 name/type/parent and indexed-image contracts retained
/usr/resource/layout/theme1/hiby_upgrade_title.view	modify	71315328ceaba39280bfc17ba3ec9a38893d401b373e9267eb406976c161fc58	e976ede53197199caeed788040fb991f54cb1bc7b3c8f7dd6f80f188f6ac13cb	-rwxrwxr-x	-rwxrwxr-x	0	0	Port custom layout styling; all official 1.3 name/type/parent and indexed-image contracts retained
/usr/resource/layout/theme1/hiby_usb.view	modify	bb892177dbde6e51c75e6f15bb0dd535d650c3356b99c146b25cee4853b57c49	a2ad828f65376685ba2f92cf0a75bf042f3ec5115cdecc179d06c464743b73a3	-rwxrwxr-x	-rwxrwxr-x	0	0	Port custom layout styling; all official 1.3 name/type/parent and indexed-image contracts retained
/usr/resource/layout/theme1/hiby_where_songs.view	modify	d230aa76ced8f3a27aa908013b137486e8186a275adca49d8f4c26a24a9ce88e	d6941f95950ea36ed3e9254896929b500d8db4124cb473a9c48704a19ef7b03e	-rwxrwxr-x	-rwxrwxr-x	0	0	Port custom layout styling; all official 1.3 name/type/parent and indexed-image contracts retained
/usr/resource/layout/theme1/hiby_wifi_password.view	modify	21edeef88132f50fe65241645b0b695d06c84fbe71de9be452bffbf9b4ff62b2	8aeade71c879cd5bbae8ac07834ce6d6ea876b29777277a9e63ee8dd37339e22	-rwxrwxr-x	-rwxrwxr-x	0	0	Port custom layout styling; all official 1.3 name/type/parent and indexed-image contracts retained
/usr/resource/layout/theme1/hiby_wifi_song.view	modify	ef6c9f59ef35d78725d4ec5a232e9298ac0925005993bf5767e22d957bb99520	8ef38b5df98785a6ce05bc49a016e0db46f65f4ee991b6510c00c42981022d7f	-rwxrwxr-x	-rwxrwxr-x	0	0	Port custom layout styling; all official 1.3 name/type/parent and indexed-image contracts retained
/usr/resource/layout/theme1/hiby_wireless.view	modify	ec8d20f4f16673d64a00a1cc450055923306243843b17c602a42ede39dc61c18	80275b0bffe696358ddd4fe32265e3bac4e6a68601f7e83a80ef542fddbe439c	-rwxrwxr-x	-rwxrwxr-x	0	0	Port custom layout styling; Restore official 1.3 element wireless_iv_item under vg_wireless_hiby
/usr/resource/layout/theme1/language_topbar.view	modify	b54d8fad730123459c1540de74fa7087d526b169b11dad845b264f5482cb8acc	c9d4c1f026736b456096d5d98f31fc9c9a0ef66c1714a6b016b3eb812d99e9a6	-rwxrwxr-x	-rwxrwxr-x	0	0	Port custom layout styling; all official 1.3 name/type/parent and indexed-image contracts retained
/usr/resource/layout/theme1/launcher/hiby_launcher_apps.view	modify	204eed8b1ce58cf48708a92a2045726b7e4eab82f35730fb820ca5e3cd8d20f5	4b6706b44065d532f2c1e5afca559358675ed4836b802361f00f1b08120d6e2d	-rwxrwxr-x	-rwxrwxr-x	0	0	Port custom layout styling; Restore official 1.3 element launcher_apps_iv_item under vg_launcher_apps_hiby; Retain About lookup group hidden: preserve six-tile custom DAC launcher; About is accessible through enabled Settings/About; Retain hidden template lookup object but remove stock background image bindings; verified launcher renderer falls back to existing custom black group colors when template images are absent
/usr/resource/layout/theme1/listview/vg_listview_book.listview	modify	e2f040c03e638fd96133592df6b4de932efce0ab63b023c9949e99615b692272	6941d08539210207f046005b28a1f71ab175ddcf650458d4ad6a37c21ab1a9e2	-rwxrwxr-x	-rwxrwxr-x	0	0	Port custom layout styling; all official 1.3 name/type/parent and indexed-image contracts retained
/usr/resource/layout/theme1/listview/vg_listview_class.listview	modify	61db8bfe439fbd0c907cfd3b071bf9c1f4c08f071f82ff53bfe6a3705579afb4	394a2bff8bb59a12bf0f37efacffc4564ae26bf533c16c0420bbe68a6c2113f1	-rwxrwxr-x	-rwxrwxr-x	0	0	Port custom layout styling; all official 1.3 name/type/parent and indexed-image contracts retained
/usr/resource/layout/theme1/listview/vg_listview_music.listview	modify	dc49f4d79e1ea910bb348a9b673a1b36ef04d97f872f150006649991bc9139ce	14459f5ad8bdbcc41051a7068c614203a50f1fb82ff6c2605303f15cf42d05cf	-rwxrwxr-x	-rwxrwxr-x	0	0	Port custom layout styling; all official 1.3 name/type/parent and indexed-image contracts retained
/usr/resource/layout/theme1/listview/vg_listview_tidal_play_info.listview	modify	4ea7160ea7f1121d8f9427fc3cea177cf91cc83bfa7735365b6c9f45da57538f	fd3d5a8e99f27be806f6520f0f5982591ccd50cfc7727ea4f5bf60f22d8eb41b	-rwxrwxr-x	-rwxrwxr-x	0	0	Port custom layout styling; all official 1.3 name/type/parent and indexed-image contracts retained
/usr/resource/layout/theme1/topbar/pull_down_menu_topbar.view	modify	3e8dfe5b97908aef7ed5cdb65531743c5da7bef903ccef28e5e4c045e66947df	85b18f9494d280d75eb891ab7dd2f0282ebeba2d99c6ef3d111393cc1e6d5552	-rwxrwxr-x	-rwxrwxr-x	0	0	Port custom layout styling; all official 1.3 name/type/parent and indexed-image contracts retained
/usr/resource/layout/theme1/topbar/topbar.view	modify	d67980945914ce13554495de2d89fa6676303071a812f8a15f263134f390eb14	a3a6223161641c7dfab1f99f87f841ed03fa98c691eda7c86dca3578f6be314e	-rwxrwxr-x	-rwxrwxr-x	0	0	Port custom layout styling; all official 1.3 name/type/parent and indexed-image contracts retained
/usr/resource/layout/theme1/vg_listview_a_z.view	modify	ea5ee0fd85c3f8c76c433f88265190174858efadeb94f0cf5bc24d0640d9bad1	c7f03e5260b5e952b8c4056382ef91a0c1dfe8f3185007faf42222b21ee40f87	-rwxrwxr-x	-rwxrwxr-x	0	0	Port custom layout styling; all official 1.3 name/type/parent and indexed-image contracts retained
/usr/resource/layout/theme1/vg_listview_scrollbar.view	modify	05e6ca443037578a426e5293ed245d75be5f29ae632841b9aae20d97b6e4a8fa	a09d4b80e87d8d7b965a82900d1b80aefde7541065fe8b142af05a7aa9a480a2	-rwxrwxr-x	-rwxrwxr-x	0	0	Port custom layout styling; all official 1.3 name/type/parent and indexed-image contracts retained
/usr/resource/layout/theme1/vg_listview_scrollbar_record.view	modify	ad83e78b488cd5804c0432d406649e6e29aa3a107484ff29fa1b3b699a1e748d	6e9769c397de097a38564e4d03f1fbca901f96a95925c47d2b5c67eb01edddc2	-rwxrwxr-x	-rwxrwxr-x	0	0	Port custom layout styling; all official 1.3 name/type/parent and indexed-image contracts retained
/usr/resource/litegui/theme1/about_dev/facebook.png	modify	78f053c36fc59c6af442ce93d10dd82980791dabe35e175d1c4aaa87ff2d7aa8	9f48ca504263a1b9c9adc98af3178577eb52ef3c076441a91ebd8b9890ff8df2	-rwxrwxr-x	-rwxrwxr-x	0	0	Port existing custom artwork: about_dev; stock 1.3 content at this path has no intervening vendor change
/usr/resource/litegui/theme1/about_dev/wechat.png	modify	77e4a702f8c5b5a54e3647e2c80466baca4d05f0ab4d38efadab65bde89e256c	2ad49233b100acb4e440890e2553942f8423af7fb07196d62cf85e04610c9bf6	-rwxrwxr-x	-rwxrwxr-x	0	0	Port existing custom artwork: about_dev; stock 1.3 content at this path has no intervening vendor change
/usr/resource/litegui/theme1/about_dev/weibo.png	modify	1642e26ff97a506229871b689878d372ee624011a0da127c41ac2461b32a09e8	6b1ea212b7c8ac0014f1c9e397003d16e7d2fa83c624bdb7674fc3e22a3dc77b	-rwxrwxr-x	-rwxrwxr-x	0	0	Port existing custom artwork: about_dev; stock 1.3 content at this path has no intervening vendor change
/usr/resource/litegui/theme1/about_dev/weibo_qrcode.png	modify	b6d54e5de81102c71cd4f51ae9fece5103311def3c330f70de085b317fd95806	9473b64f521585dc8389777e8a618536274a8108bf23c3ecf7fa7ee0b229cef2	-rwxrwxr-x	-rwxrwxr-x	0	0	Port existing custom artwork: about_dev; stock 1.3 content at this path has no intervening vendor change
/usr/resource/litegui/theme1/book/addbookmark.png	modify	1c0a69c36ba55a7b7d395ba57122c0d05c61af176e022db6cb009a4572a53915	73c470df2420e20eaf0d33e04d57612bd8ed5e679a1215fc6971eb579cbb7863	-rwxrwxr-x	-rwxrwxr-x	0	0	Port existing custom artwork: book; stock 1.3 content at this path has no intervening vendor change
/usr/resource/litegui/theme1/book/addbookmark_s.png	modify	8437e178a290823ca84c65b5f3554af8e0977221984b53c94459003c83446d73	738bd87fbb185e3d31723215ef2e9854a0870ebc982841bf9b651dc62d6d47fe	-rwxrwxr-x	-rwxrwxr-x	0	0	Port existing custom artwork: book; stock 1.3 content at this path has no intervening vendor change
/usr/resource/litegui/theme1/book/bg_hide.png	add		4abb8a577a0791a241b3f904ffdb6c1bfab92ae8086f80cf13161a44d53f8366		-rw-r--r--	0	0	Port existing custom artwork: book; stock 1.3 content at this path has no intervening vendor change
/usr/resource/litegui/theme1/book/book_collect_in.png	modify	6605110d1abb9a1a765b25b11426b189b1c47b8c4f4147b0b7242c5ecf88f194	28c6cb06d525a12d9fa8b142e50f070c40556c90aa7e39b1e3953a597a22aa5a	-rwxrwxr-x	-rwxrwxr-x	0	0	Port existing custom artwork: book; stock 1.3 content at this path has no intervening vendor change
/usr/resource/litegui/theme1/book/book_collect_out.png	modify	5047e67f49c58a4a1556d7fb71164a526ad4d79d567bd6dfe07c33fc53e44400	62709a3a368ff049129e8bc9932ac62129c243938bb71937e2c6bd7733317c9a	-rwxrwxr-x	-rwxrwxr-x	0	0	Port existing custom artwork: book; stock 1.3 content at this path has no intervening vendor change
/usr/resource/litegui/theme1/book/book_progress.png	add		c861c2ecedd672cbf5cbeb02864d07272e068e36bc67ae71eb7707ffe3197bdc		-rw-r--r--	0	0	Port existing custom artwork: book; stock 1.3 content at this path has no intervening vendor change
/usr/resource/litegui/theme1/book/book_progress_bg.png	add		b1fd423024f737f883b4b2aac990e3ad9f1a877da8c0ef26bd1b56a5a41efbec		-rw-r--r--	0	0	Port existing custom artwork: book; stock 1.3 content at this path has no intervening vendor change
/usr/resource/litegui/theme1/book/bookmark.png	modify	ea60ea74d16b55f697d77cc09ad93cadb73d02e91131504023665d5a1c4df865	4bce177f2c6c5e4799872f62445989f2bcc3c6bc592f28e63140f517497bab18	-rwxrwxr-x	-rwxrwxr-x	0	0	Port existing custom artwork: book; stock 1.3 content at this path has no intervening vendor change
/usr/resource/litegui/theme1/book/bookmark_s.png	modify	c2f4159c2f29155aaffe67f8f44aa5f60ee6d3b7519ffa4b9ae8029e0b573f92	3ea5c1733321915f7a288c352d1e9a0b0460c35aa1304aa926145d540fa523d6	-rwxrwxr-x	-rwxrwxr-x	0	0	Port existing custom artwork: book; stock 1.3 content at this path has no intervening vendor change
/usr/resource/litegui/theme1/book/cursor.png	modify	73f19d087258957f00b97887ebb8d64fc6591f11e274b59840d8965a872bd82e	a8d4c90b3a4d3184d1d92bf6657fecd4d2e8b5c96866a817cf6aaa6fd92f4beb	-rwxrwxr-x	-rwxrwxr-x	0	0	Port existing custom artwork: book; stock 1.3 content at this path has no intervening vendor change
/usr/resource/litegui/theme1/book/font_line.png	modify	69c810989238059057b965a585efe133e8266855bda0b22b8bcaff76cecadde4	9618b157f020e1ad7bb16c08b1496e7d61f5d49da1df7597f702ffaeaf8eb5eb	-rwxrwxr-x	-rwxrwxr-x	0	0	Port existing custom artwork: book; stock 1.3 content at this path has no intervening vendor change
/usr/resource/litegui/theme1/book/font_line_bg.png	add		9a02b115f2da306d956c67337d122f5b60a23da0c0d7431c5d1f956addbceef7		-rw-r--r--	0	0	Port existing custom artwork: book; stock 1.3 content at this path has no intervening vendor change
/usr/resource/litegui/theme1/book/line.png	modify	07f76041271d01988bfa0c28d11c5b2a7d598f11252ccc7bd8425fcbcded2872	6909c3fd341832888caad83ed313dae4da33f560da1a9ac0d5629d60f983deae	-rwxrwxr-x	-rwxrwxr-x	0	0	Port existing custom artwork: book; stock 1.3 content at this path has no intervening vendor change
/usr/resource/litegui/theme1/boot_animation	add				drwxr-xr-x	0	0	Directory required by ported custom artwork
/usr/resource/litegui/theme1/boot_animation/en	add				drwxr-xr-x	0	0	Directory required by ported custom artwork
/usr/resource/litegui/theme1/boot_animation/en/0.png	add		be03b53d05a50e5e52980f2fd4eca2b5e8b94677ac157b052cd49645f00e0f0e		-rw-r--r--	0	0	Port existing custom artwork: boot_animation/en; stock 1.3 content at this path has no intervening vendor change
/usr/resource/litegui/theme1/bt/bt_icon.png	modify	59a78ce4cc541fd22cd722763fea9b6d6a4d86476d9ae0bdfe89f160708c8a97	4482a5ee907901474d525cde90772abf9bc1060868ac027db49d25cae8f59a07	-rwxrwxr-x	-rwxrwxr-x	0	0	Port existing custom artwork: bt; stock 1.3 content at this path has no intervening vendor change
/usr/resource/litegui/theme1/category/album.png	modify	55c20936da36d5b08769186c6c0aad945fa1099332b34f3b5346eb7b991422dd	a472b7cef5df339f8e59ae0436a21ff5d53e6e27a233348d0520a34b95b90535	-rwxrwxr-x	-rwxrwxr-x	0	0	Port existing custom artwork: category; stock 1.3 content at this path has no intervening vendor change
/usr/resource/litegui/theme1/category/album_artist.png	modify	8ee2891ccae9036ebca519ec4b1d314d53f24422aeeaba7af4965333cf49e9de	793bd427020aaff4025bae73642df3c1e5ecf3b471e58358e2d0c94787ee8413	-rwxrwxr-x	-rwxrwxr-x	0	0	Port existing custom artwork: category; stock 1.3 content at this path has no intervening vendor change
/usr/resource/litegui/theme1/category/album_artist_s.png	modify	97acea464726359d3a54aefa1c2c30642c30d2265a46d48df70e00ffd2d15ef1	793bd427020aaff4025bae73642df3c1e5ecf3b471e58358e2d0c94787ee8413	-rwxrwxr-x	-rwxrwxr-x	0	0	Port existing custom artwork: category; stock 1.3 content at this path has no intervening vendor change
/usr/resource/litegui/theme1/category/album_s.png	modify	a3f3181fd145f23324dc60777d223aabd93e19a3525ce3a4c06ea2de6a61585a	a472b7cef5df339f8e59ae0436a21ff5d53e6e27a233348d0520a34b95b90535	-rwxrwxr-x	-rwxrwxr-x	0	0	Port existing custom artwork: category; stock 1.3 content at this path has no intervening vendor change
/usr/resource/litegui/theme1/category/all.png	modify	e2a68f8f34115e7553bd36de96ceef4e32c3b8225b524531e57c5f3655579a8c	ad8bff08b085b1d92e4e593bef28660d0a7aa22152129794846f97442b72d05f	-rwxrwxr-x	-rwxrwxr-x	0	0	Port existing custom artwork: category; stock 1.3 content at this path has no intervening vendor change
/usr/resource/litegui/theme1/category/all_s.png	modify	9bcd3b215a8d935a4e04e964cf7d6f0b4c282ecda62c433382b6ee9e12db0ee6	ad8bff08b085b1d92e4e593bef28660d0a7aa22152129794846f97442b72d05f	-rwxrwxr-x	-rwxrwxr-x	0	0	Port existing custom artwork: category; stock 1.3 content at this path has no intervening vendor change
/usr/resource/litegui/theme1/category/artist.png	modify	e8611e33d521710bc0ae798464fca2b0755b649230ae0fffb43231778e3285fe	4d76b438941e7790a3ac1694c3f18bd49c28b954ab139f07ae3f27c41ecd31ad	-rwxrwxr-x	-rwxrwxr-x	0	0	Port existing custom artwork: category; stock 1.3 content at this path has no intervening vendor change
/usr/resource/litegui/theme1/category/artist_s.png	modify	01873140f5ca2105eec07a1bb95a554fc798e102cec77152e087caac416dcd06	4d76b438941e7790a3ac1694c3f18bd49c28b954ab139f07ae3f27c41ecd31ad	-rwxrwxr-x	-rwxrwxr-x	0	0	Port existing custom artwork: category; stock 1.3 content at this path has no intervening vendor change
/usr/resource/litegui/theme1/category/explorer.png	modify	f34ee5a2c98c33a506b33e0911917e9e4fff13bfd67c45ecf5be8f0798fcc2c5	02736a2455ee3bdcdeed74788dd08074d832ddfe7bfdd2aaec1c4a58771bde38	-rwxrwxr-x	-rwxrwxr-x	0	0	Port existing custom artwork: category; stock 1.3 content at this path has no intervening vendor change
/usr/resource/litegui/theme1/category/explorer_s.png	modify	0fdb3078522a985e9649ca238ec4d0577c6d26f88ef11a51a6c89a93605d9e96	02736a2455ee3bdcdeed74788dd08074d832ddfe7bfdd2aaec1c4a58771bde38	-rwxrwxr-x	-rwxrwxr-x	0	0	Port existing custom artwork: category; stock 1.3 content at this path has no intervening vendor change
/usr/resource/litegui/theme1/category/genre.png	modify	5c2f00e793b6cef518afe44af0257961b702769ba07e4671429eddc9bca88d52	6eea0bee60f686165cd060cdf563ab6fd340038399e3e102dfb820564541b952	-rwxrwxr-x	-rwxrwxr-x	0	0	Port existing custom artwork: category; stock 1.3 content at this path has no intervening vendor change
/usr/resource/litegui/theme1/category/genre_s.png	modify	d34872fdcb51f2e3acd38158aa03201f52cdb99484b3c32056c5bb90f261c662	6eea0bee60f686165cd060cdf563ab6fd340038399e3e102dfb820564541b952	-rwxrwxr-x	-rwxrwxr-x	0	0	Port existing custom artwork: category; stock 1.3 content at this path has no intervening vendor change
/usr/resource/litegui/theme1/category/item.png	modify	5fecd4d1bbc3ccd855f82e557a256dbd8459ff8d15299884c06ddfc88ae67a4b	b8b05288febcb9cec777fef00ce3e9ea21807650f288472201dd47bc471c909e	-rwxrwxr-x	-rwxrwxr-x	0	0	Port existing custom artwork: category; stock 1.3 content at this path has no intervening vendor change
/usr/resource/litegui/theme1/category/item_s.png	modify	6f23331b9422c1e6e456c2ead2a76be1f7c45c38158d6c325b90a32ea41c1a38	40670b514c5f47af505de760f3ebfb1bd2a60308d454ff6a5283929c57dd3eee	-rwxrwxr-x	-rwxrwxr-x	0	0	Port existing custom artwork: category; stock 1.3 content at this path has no intervening vendor change
/usr/resource/litegui/theme1/charge/battery.png	modify	bea7aaeb323e44a9b3a5779d4875bd6e9a5aeabfba598aeebf50eab0ff1cff92	9a5e1d1d01f7fb1537cb6ddc447f4368891bc5507198e354ce4f84a39df01ced	-rwxrwxr-x	-rwxrwxr-x	0	0	Port existing custom artwork: charge; stock 1.3 content at this path has no intervening vendor change
/usr/resource/litegui/theme1/charge/battery_bg.png	modify	6d2a478dd9343c2ee344c7d92d5f1f82738fdbf25221a6cdbdaeb00d11aca6c6	ce4710fdb02f965ebcaabc80677cf91deeb093dbf4199cf40e3d838f20e61135	-rwxrwxr-x	-rwxrwxr-x	0	0	Port existing custom artwork: charge; stock 1.3 content at this path has no intervening vendor change
/usr/resource/litegui/theme1/charge/charge.png	modify	16724071f45dc78f89c106a94afb82c0a78c3c6e01e7544072ea23cb7bb3ff95	ce3b7039e79b8040ebdf305fd755d1c337e1e9013a8a158a1fef2414b2da079f	-rwxrwxr-x	-rwxrwxr-x	0	0	Port existing custom artwork: charge; stock 1.3 content at this path has no intervening vendor change
/usr/resource/litegui/theme1/clock/colon.png	modify	b00c8bd72c4e2a0b1a2e44137d50dc8332e84935a646ad98eb667851944167fb	c42b3501c7d70a2f01bb1f6cc8dcdcac7e40bbea0cbcd9c7b1ec830126227b8f	-rwxrwxr-x	-rwxrwxr-x	0	0	Port existing custom artwork: clock; stock 1.3 content at this path has no intervening vendor change
/usr/resource/litegui/theme1/clock/hour.png	modify	18204da7b0989accfcda354916e7755f2603358405084183c432391e0dfdf467	ecdef2a46f04fd7fbc10b4de0a1efe652addba37146136e1c361982c002ed38c	-rwxrwxr-x	-rwxrwxr-x	0	0	Port existing custom artwork: clock; stock 1.3 content at this path has no intervening vendor change
/usr/resource/litegui/theme1/clock/minute.png	modify	12baf8c7b0b583632d067349ddfddb4b50fe64ade7d3de5ddd70f2d572897591	d334cc35ffc5bc1f2e3b3190e44b8e19c2ffe4e1afd32d4c7d325faab70e8241	-rwxrwxr-x	-rwxrwxr-x	0	0	Port existing custom artwork: clock; stock 1.3 content at this path has no intervening vendor change
/usr/resource/litegui/theme1/dac/dac.png	modify	129b054ab882701ea95aa5cc82080ce160e75d04ab0beaa499b0624a64b58808	a0c9c1bb01f34c53f283613e42d1dd39dc91b87527984cd955c063b9da80c0bf	-rwxrwxr-x	-rwxrwxr-x	0	0	Port existing custom artwork: dac; stock 1.3 content at this path has no intervening vendor change
/usr/resource/litegui/theme1/eq/slider.png	modify	37f15f2a589baab01b832b1996ca2161584807dc5d0dde3d2d540f4dd7b2397a	e085669ef3d12112f015855a0b045365e4e6667384156557e8ba317f92e68582	-rwxrwxr-x	-rwxrwxr-x	0	0	Port existing custom artwork: eq; stock 1.3 content at this path has no intervening vendor change
/usr/resource/litegui/theme1/eq/slider_s.png	modify	92d9055ade08f380b25ad3ef8de53f587e26c835837f84b3398c09282935561a	8011617b619f01670b73a2e601fcae2cdb13664f4b0d9a3c46cf9480e9a93686	-rwxrwxr-x	-rwxrwxr-x	0	0	Port existing custom artwork: eq; stock 1.3 content at this path has no intervening vendor change
/usr/resource/litegui/theme1/keyboard/0.png	modify	9c68b58897ffcb9fe29041b6b4f38c740fd9dd2cf44b83de721af0173cbd0005	bfd0be65989d9970fd860cf18ff41aefe686304107330b12c60988d7bc909a33	-rwxrwxr-x	-rwxrwxr-x	0	0	Port existing custom artwork: keyboard; stock 1.3 content at this path has no intervening vendor change
/usr/resource/litegui/theme1/keyboard/1.png	modify	b34c8d350ff478f885d8fd275d7b727aebc92067a10babe05a6933ddaa99011a	9dc55643634e93c1aa8995264a46653f2166b012fa6f4443f8800c277c81cefa	-rwxrwxr-x	-rwxrwxr-x	0	0	Port existing custom artwork: keyboard; stock 1.3 content at this path has no intervening vendor change
/usr/resource/litegui/theme1/keyboard/2.png	modify	b7c87909416c79650958801cbf8b9e5b928f7ce01cae88a69c5669fc2c0f8a56	751829e4b696ca6de7f6c807640f44b1cc72dbc6b2a15ee201e8e0b5d03afcbe	-rwxrwxr-x	-rwxrwxr-x	0	0	Port existing custom artwork: keyboard; stock 1.3 content at this path has no intervening vendor change
/usr/resource/litegui/theme1/keyboard/3.png	modify	fbd59b35aa7be29f539146db4c23213970a4eaac5a4b0581e0eb521a3f2b9bde	f419e80acbbe346a2304af6942b8d895db286fb3c101075397a81fbb1fa631cf	-rwxrwxr-x	-rwxrwxr-x	0	0	Port existing custom artwork: keyboard; stock 1.3 content at this path has no intervening vendor change
/usr/resource/litegui/theme1/keyboard/4.png	modify	48362bba6b13fb8a5e0962ac17c50687c4a8e17e744adc2655b19dc0804c2a71	2d99a80694f01191ef8098c8176d2fc6298ecb2fd715b476684b7aafc3b9cb42	-rwxrwxr-x	-rwxrwxr-x	0	0	Port existing custom artwork: keyboard; stock 1.3 content at this path has no intervening vendor change
/usr/resource/litegui/theme1/keyboard/5.png	modify	eda5b1260a7e578bd71c7804bd81f32c9f5d9bd6253c80466bfd808f51dc7895	721861bb6716eb09e6d57871c26e46694442e95e3e7afd640616a731ef007a23	-rwxrwxr-x	-rwxrwxr-x	0	0	Port existing custom artwork: keyboard; stock 1.3 content at this path has no intervening vendor change
/usr/resource/litegui/theme1/keyboard/6.png	modify	6a160e53ab3749bf6d7edb1c3fc8450336e0d9c7071f74e3fc062f7920d8a891	d3f3730d61f3e09840459ceac3860ee157c70ac9c3d48964138fc44350348e25	-rwxrwxr-x	-rwxrwxr-x	0	0	Port existing custom artwork: keyboard; stock 1.3 content at this path has no intervening vendor change
/usr/resource/litegui/theme1/keyboard/7.png	modify	d395dd86c3ace32b42072dd392d5facb233a468f10b02acdb9b878bb33f4ca84	79037dcca0cc7e1884799a80896aad77f5db13e9627e2aaf7a3b74f8796ded72	-rwxrwxr-x	-rwxrwxr-x	0	0	Port existing custom artwork: keyboard; stock 1.3 content at this path has no intervening vendor change
/usr/resource/litegui/theme1/keyboard/8.png	modify	670eed619222c1993642a9edcc3d9b94b30b467bb052e74d5464e3b41c7b62a2	21b3f1f144f4e6499e2e7d4896311915f7f2cbe1333836dee1d4c20521edf043	-rwxrwxr-x	-rwxrwxr-x	0	0	Port existing custom artwork: keyboard; stock 1.3 content at this path has no intervening vendor change
/usr/resource/litegui/theme1/keyboard/9.png	modify	b3457e7b0134b9d76e37b59b95e76d094df187184d9544f90903069c0e953ede	1f378c8c7c4352f88d64c7af6362e57c1892d6283faa93a5840c80812454679c	-rwxrwxr-x	-rwxrwxr-x	0	0	Port existing custom artwork: keyboard; stock 1.3 content at this path has no intervening vendor change
/usr/resource/litegui/theme1/keyboard/abc_l.png	modify	90fc8787ca5426cba1254ce32da14edbed866aca3864e6f84bba4520887c43ee	c3504375aa48afdf231d596e9d78809c283588a28cf1ce91bbcdcb8274d17b59	-rwxrwxr-x	-rwxrwxr-x	0	0	Port existing custom artwork: keyboard; stock 1.3 content at this path has no intervening vendor change
/usr/resource/litegui/theme1/keyboard/abc_u.png	modify	bfb4237725fc12a01e38fdca83804d7a7a7a2c5594aa388d7ed905ea17f6df40	828fc6aea5aa3a43479eebf586d423ae6c9e341d23daa00129d25b4e934667dd	-rwxrwxr-x	-rwxrwxr-x	0	0	Port existing custom artwork: keyboard; stock 1.3 content at this path has no intervening vendor change
/usr/resource/litegui/theme1/keyboard/char.png	modify	d9a800d7f1d2a1f9ab0ec192db03fb049890d3505933107b3afee0caadf0dac2	828fc6aea5aa3a43479eebf586d423ae6c9e341d23daa00129d25b4e934667dd	-rwxrwxr-x	-rwxrwxr-x	0	0	Port existing custom artwork: keyboard; stock 1.3 content at this path has no intervening vendor change
/usr/resource/litegui/theme1/keyboard/char_l.png	modify	30ba89be369a59bbb4283b888e6c97e5c62d040e80eaafdee6dd7c1f1cb4f86b	dbbec90a44cbda9bba0a617995107f29ea520984248356dc7348cd7c6e71337e	-rwxrwxr-x	-rwxrwxr-x	0	0	Port existing custom artwork: keyboard; stock 1.3 content at this path has no intervening vendor change
/usr/resource/litegui/theme1/keyboard/char_u.png	modify	30ba89be369a59bbb4283b888e6c97e5c62d040e80eaafdee6dd7c1f1cb4f86b	dbbec90a44cbda9bba0a617995107f29ea520984248356dc7348cd7c6e71337e	-rwxrwxr-x	-rwxrwxr-x	0	0	Port existing custom artwork: keyboard; stock 1.3 content at this path has no intervening vendor change
/usr/resource/litegui/theme1/keyboard/cursor.png	modify	99344a379049016260719c1ec90971c6ca1c752c4bf3823425cee6a36126b389	203e9020d0fa0a77a48bfdb75ed7e4577394d72bdb793ce25ea89829217dbacf	-rwxrwxr-x	-rwxrwxr-x	0	0	Port existing custom artwork: keyboard; stock 1.3 content at this path has no intervening vendor change
/usr/resource/litegui/theme1/keyboard/def_l.png	modify	690a720d3dd75255f5adeedde40715ae564c8f598ccb1a3bb6f2c9bbe280167d	de57442a15c78ce7f394dcc77300a059b2df21e09f3c645114bf058781a2654e	-rwxrwxr-x	-rwxrwxr-x	0	0	Port existing custom artwork: keyboard; stock 1.3 content at this path has no intervening vendor change
/usr/resource/litegui/theme1/keyboard/def_u.png	modify	be655bbd538279e90d46adeddd60d09dd437ba60f29b85a323179fcc29c50b98	29d638cbb56bff1f2b81d3a96c37fd0d8f9c5910c0d361eaeaa9b32461d9452f	-rwxrwxr-x	-rwxrwxr-x	0	0	Port existing custom artwork: keyboard; stock 1.3 content at this path has no intervening vendor change
/usr/resource/litegui/theme1/keyboard/del.png	modify	d255a11b6e40d316676f3188ae46ba809fdeb3a9811e5482d2590c3150b2c180	915604fc45c633f1bc2de25dcca2b25640cac4c15578076425849fbb5768e5f3	-rwxrwxr-x	-rwxrwxr-x	0	0	Port existing custom artwork: keyboard; stock 1.3 content at this path has no intervening vendor change
/usr/resource/litegui/theme1/keyboard/enter.png	modify	73e1904932aafec9857e519331bda74637098423ee4269bc469c2e117b91de52	d520b279c40e7abf861b4a49cdb756753641dfec47aa3b62c7053841ae6d25ea	-rwxrwxr-x	-rwxrwxr-x	0	0	Port existing custom artwork: keyboard; stock 1.3 content at this path has no intervening vendor change
/usr/resource/litegui/theme1/keyboard/ghi_l.png	modify	2ed312ad3998ea60820ae33ef2b37e0b16fd35048d2feaf1f82c42c9e56f3c55	2278cba30feb9ae20181257d76c7bf71118a1660b49079bb216c0bdc903a0a17	-rwxrwxr-x	-rwxrwxr-x	0	0	Port existing custom artwork: keyboard; stock 1.3 content at this path has no intervening vendor change
/usr/resource/litegui/theme1/keyboard/ghi_u.png	modify	f920234995bf6b5d616ecafd8ceeec0c1fd64431ae41b396bda37d1fa1f19698	e648c7e6a1ea1eca71862d892f3e9af27e441f66f4e72acb6fa99b53c409b70f	-rwxrwxr-x	-rwxrwxr-x	0	0	Port existing custom artwork: keyboard; stock 1.3 content at this path has no intervening vendor change
/usr/resource/litegui/theme1/keyboard/jkl_l.png	modify	cf6a6c04fc39d758eae33852cf0a67937b192847885d3300a6ae04e5ea483054	163bb1dccecbb035944a06fe55b15c4ed5b4be9761ab5471c9a63e7eb09a1a21	-rwxrwxr-x	-rwxrwxr-x	0	0	Port existing custom artwork: keyboard; stock 1.3 content at this path has no intervening vendor change
/usr/resource/litegui/theme1/keyboard/jkl_u.png	modify	6dcd84e468c3f9c58ad3a7931a638dbbbc3d1dd7db50e9a640c1496b3d8ff411	f2f3aecad1ed8f4707df4581868abcb2b1b7cc300edb71637fbfca3f7fd1354b	-rwxrwxr-x	-rwxrwxr-x	0	0	Port existing custom artwork: keyboard; stock 1.3 content at this path has no intervening vendor change
/usr/resource/litegui/theme1/keyboard/left.png	modify	e4feaecb6aeff2155dbbcea45d18285f9f98edbbb03262df82e38596c5bc5ceb	82c911299bbb96b66eada3dc0fdeb13c07ce17830153a26d33c8e61946d3db86	-rwxrwxr-x	-rwxrwxr-x	0	0	Port existing custom artwork: keyboard; stock 1.3 content at this path has no intervening vendor change
/usr/resource/litegui/theme1/keyboard/lower.png	modify	eb35112a96bd01bb20d69adb9689d4ad5e1e6726aba68fc1bbca2fafd45ca5b6	e6ba142510b263b30d4ce5af981896b39a2ebfc118248e08c86807b4b2bd3559	-rwxrwxr-x	-rwxrwxr-x	0	0	Port existing custom artwork: keyboard; stock 1.3 content at this path has no intervening vendor change
/usr/resource/litegui/theme1/keyboard/mno_l.png	modify	fd0319e3ab5bd3ae94a8f69a7e5e9aa2e7398700bfcb62ae8eab1cd727dbf321	59b9265f8d684f39f4e5073753c2f0c3d9eb5daceec713fa88423189f1142c42	-rwxrwxr-x	-rwxrwxr-x	0	0	Port existing custom artwork: keyboard; stock 1.3 content at this path has no intervening vendor change
/usr/resource/litegui/theme1/keyboard/mno_u.png	modify	7d6c23414e57343e16fc7347a4a786c98964a743cabcdf77f903afb549917346	e04699b8ded8aaa3b49e466da022a69f99fca3f121db25a9908f784658bf5dab	-rwxrwxr-x	-rwxrwxr-x	0	0	Port existing custom artwork: keyboard; stock 1.3 content at this path has no intervening vendor change
/usr/resource/litegui/theme1/keyboard/num.png	modify	98cc71fa87555273aeb6502a73ee055d624f5da57a4f8d013764d427a465a328	81dc61981e7080576b680fd6c7c4aa895dc8cfb3958999d2363d01b54b43a095	-rwxrwxr-x	-rwxrwxr-x	0	0	Port existing custom artwork: keyboard; stock 1.3 content at this path has no intervening vendor change
/usr/resource/litegui/theme1/keyboard/num_more.png	modify	d125a5eda3919e68936597e5e122eacca74a92bcf95e114cb488878bd003bcb5	645465ae37095f6993cf716fee5c1f5f3ffba4d610e13513161552f6a9b7c43c	-rwxrwxr-x	-rwxrwxr-x	0	0	Port existing custom artwork: keyboard; stock 1.3 content at this path has no intervening vendor change
/usr/resource/litegui/theme1/keyboard/pqrs_l.png	modify	5059083b422f7618c5a0af67cf07d1a774491633729c39add1b089f700ecf67a	a38718609e277930102c60d36ca217408fd68c0b387e3b9a129eb8570fa79aab	-rwxrwxr-x	-rwxrwxr-x	0	0	Port existing custom artwork: keyboard; stock 1.3 content at this path has no intervening vendor change
/usr/resource/litegui/theme1/keyboard/pqrs_u.png	modify	1fed54d63b46fa10efc0c3b9defe6f8b450ff7a09e03546f90c315760e62a0dd	7084d11cd225924ee87252054b7d075a41c6029e42e20cd526cc5635d3ede993	-rwxrwxr-x	-rwxrwxr-x	0	0	Port existing custom artwork: keyboard; stock 1.3 content at this path has no intervening vendor change
/usr/resource/litegui/theme1/keyboard/psk_hide.png	modify	e0ab70c1cc4d1ed3d8ed4b25800d2eda7c899ea99fe8d36d50b14d071a6350ca	920abea3934dc3952a8a7a22f4b7585fe20bd070a2068412befb99c9ee35c39f	-rwxrwxr-x	-rwxrwxr-x	0	0	Port existing custom artwork: keyboard; stock 1.3 content at this path has no intervening vendor change
/usr/resource/litegui/theme1/keyboard/psk_show.png	modify	86514b40b2b272c8634f82f331bdf4df6de5728b874215f0dbf6649d7cea358a	083ea0d62f6fb0400bf17fec8a21739e5d345544061ed3cb0b991529b4a1177a	-rwxrwxr-x	-rwxrwxr-x	0	0	Port existing custom artwork: keyboard; stock 1.3 content at this path has no intervening vendor change
/usr/resource/litegui/theme1/keyboard/right.png	modify	74dd82bf9f7a04aebaf738ea63d0cab67bf75bbf9baeef5a4fe0b29d80d6e53e	22adb6123aa6c06d8f14784e7ff9728734f4bbc00fd7e6a12bbb312fbb62ce3f	-rwxrwxr-x	-rwxrwxr-x	0	0	Port existing custom artwork: keyboard; stock 1.3 content at this path has no intervening vendor change
/usr/resource/litegui/theme1/keyboard/select/0.png	modify	1402a20f92b5f9ab9b8727b1bec116a48abcde0e542ce7fa8dbb26bdc8ce2a65	ceb61926f6f372d7d7194a76be90693aa120b0b505fa168d11309354261a72fe	-rwxrwxr-x	-rwxrwxr-x	0	0	Port existing custom artwork: keyboard/select; stock 1.3 content at this path has no intervening vendor change
/usr/resource/litegui/theme1/keyboard/select/1.png	modify	650ae83c6cdef022f0ce5c648ec9a72eacebd1e70aca1f8e5c3a1389075e7fc7	695a494248516819d157791c23f700bbfe0e354c41ba24e1755e6c4ef274468e	-rwxrwxr-x	-rwxrwxr-x	0	0	Port existing custom artwork: keyboard/select; stock 1.3 content at this path has no intervening vendor change
/usr/resource/litegui/theme1/keyboard/select/2.png	modify	1cc79fd153f83f882504fadb70d61589e106d851f167c361145552f734dc75cd	a8d59b4c3e83dc48adbee5aac890eb7abf66fdac32edcebffe1e4795320a272a	-rwxrwxr-x	-rwxrwxr-x	0	0	Port existing custom artwork: keyboard/select; stock 1.3 content at this path has no intervening vendor change
/usr/resource/litegui/theme1/keyboard/select/3.png	modify	a4e65748607eb639b8a87e10a8afd97bbb9e56c829c4e38dccde78ef2da731cd	1c024c24c0f67a354e58e20a344bf5c592676b1d0947746a227e004e4ad831d1	-rwxrwxr-x	-rwxrwxr-x	0	0	Port existing custom artwork: keyboard/select; stock 1.3 content at this path has no intervening vendor change
/usr/resource/litegui/theme1/keyboard/select/4.png	modify	dfe57c552918e488d7071e177b3eddeae321a211201adf2cd8945334c192f5da	8720adcb0e8adfee49dd6e51c0c3d6c3ea0a96553e7b102f9963fbdf02282393	-rwxrwxr-x	-rwxrwxr-x	0	0	Port existing custom artwork: keyboard/select; stock 1.3 content at this path has no intervening vendor change
/usr/resource/litegui/theme1/keyboard/select/5.png	modify	c9809cb887e8ba46a3c8ed3f76aa8cac77e1e855ca01a3d036015f375617c00f	c2cdfc7d2343a87d37ed5edbde1ee3ede25fe0dd332d1a97b1112b06b3501d11	-rwxrwxr-x	-rwxrwxr-x	0	0	Port existing custom artwork: keyboard/select; stock 1.3 content at this path has no intervening vendor change
/usr/resource/litegui/theme1/keyboard/select/6.png	modify	57c5082151c81b44d316c0c15a9a0a7f669f7764f069e886909ee29e236efe0b	2b7adde1292b2886eef995c984909d80b5ff58f8b08a7c61a5485b001aa6404e	-rwxrwxr-x	-rwxrwxr-x	0	0	Port existing custom artwork: keyboard/select; stock 1.3 content at this path has no intervening vendor change
/usr/resource/litegui/theme1/keyboard/select/7.png	modify	ff01a91b8be6ccd5afa1df3903862f62fd4c7fb9a5342c8d029916c3f8028b7b	7b39eca563eb8d7cf91c720950ff790f8d0157afbb6d6e0f7bb027fd812c0a61	-rwxrwxr-x	-rwxrwxr-x	0	0	Port existing custom artwork: keyboard/select; stock 1.3 content at this path has no intervening vendor change
/usr/resource/litegui/theme1/keyboard/select/8.png	modify	3cc0421510be82e9820e43442f481db598b2bceaceef2318ea981220bb73558c	7225764fc4536cad55d82964dc256c077b9e7078cab65cea32d296be55e1781f	-rwxrwxr-x	-rwxrwxr-x	0	0	Port existing custom artwork: keyboard/select; stock 1.3 content at this path has no intervening vendor change
/usr/resource/litegui/theme1/keyboard/select/9.png	modify	236e74feb939c052bc4a51781fbaa729098c40b76a4d18f45f16c835b98b68b1	e45c7af237b9e9e265c2614911fecbe16a9452193fa13d4000ca3c305aebd2a9	-rwxrwxr-x	-rwxrwxr-x	0	0	Port existing custom artwork: keyboard/select; stock 1.3 content at this path has no intervening vendor change
/usr/resource/litegui/theme1/keyboard/select/abc_l.png	modify	8f87324c04392596e3e0d33fc955ecc1f00e6c66abfa6e96ba1e453c4aacb718	e3db1ecb3389d225bc60b382cd61dc7a28a0d3922a28fd95779e4a63d4c60fe7	-rwxrwxr-x	-rwxrwxr-x	0	0	Port existing custom artwork: keyboard/select; stock 1.3 content at this path has no intervening vendor change
/usr/resource/litegui/theme1/keyboard/select/abc_u.png	modify	1a2454509f0ef74382aa2e53e566bd0894cf332fa5ec7168b35342cb2bd1b200	c768d7b15f38e8571978f708657b4cba3f4d7d6164b1f4cacf8192aa614d441c	-rwxrwxr-x	-rwxrwxr-x	0	0	Port existing custom artwork: keyboard/select; stock 1.3 content at this path has no intervening vendor change
/usr/resource/litegui/theme1/keyboard/select/char.png	modify	075f4d8f10220d564ea77f21d7b69a92c66b26c641db068860ad6c0285310ccd	c768d7b15f38e8571978f708657b4cba3f4d7d6164b1f4cacf8192aa614d441c	-rwxrwxr-x	-rwxrwxr-x	0	0	Port existing custom artwork: keyboard/select; stock 1.3 content at this path has no intervening vendor change
/usr/resource/litegui/theme1/keyboard/select/char_l.png	modify	f7357b6d373ae26cd817a2000711da0444a99bb83df7a4617671a99bf08a5959	a095eb4e11ff92c538f2c89211023ef7bff1f9cfe8241000f969d87944b5d410	-rwxrwxr-x	-rwxrwxr-x	0	0	Port existing custom artwork: keyboard/select; stock 1.3 content at this path has no intervening vendor change
/usr/resource/litegui/theme1/keyboard/select/char_u.png	modify	f7357b6d373ae26cd817a2000711da0444a99bb83df7a4617671a99bf08a5959	a095eb4e11ff92c538f2c89211023ef7bff1f9cfe8241000f969d87944b5d410	-rwxrwxr-x	-rwxrwxr-x	0	0	Port existing custom artwork: keyboard/select; stock 1.3 content at this path has no intervening vendor change
/usr/resource/litegui/theme1/keyboard/select/def_l.png	modify	cc45a67e1f1c69b3115ea6c559461d5c2e4e7cc400c473cd51a108d943d1a4a9	0ebdfe4889489cdc623f30fa1e314863ec91bd0415dc3e071edefe1883d1e70e	-rwxrwxr-x	-rwxrwxr-x	0	0	Port existing custom artwork: keyboard/select; stock 1.3 content at this path has no intervening vendor change
/usr/resource/litegui/theme1/keyboard/select/def_u.png	modify	12b046f4e69e92bedef2dc1b39470596203594ec8d1374a0bb84107970d75e60	09cd3c1fde65fbba68864dc43745ad1195264810e2b929d8eb4085726e5acf0e	-rwxrwxr-x	-rwxrwxr-x	0	0	Port existing custom artwork: keyboard/select; stock 1.3 content at this path has no intervening vendor change
/usr/resource/litegui/theme1/keyboard/select/del.png	modify	6f63e1e0834dfc52bbfe8acf3c012835484ec8c6f3bba55da1e5e8ef7cfacd04	ef63bd9c388e1757622b7b0d8f30b498d3c2aa02482dba8d313cad9897d51e2e	-rwxrwxr-x	-rwxrwxr-x	0	0	Port existing custom artwork: keyboard/select; stock 1.3 content at this path has no intervening vendor change
/usr/resource/litegui/theme1/keyboard/select/enter.png	modify	e43850f9fe2851fca9d01329cd5743a782817ff7084a089212cb51bba559be93	5d030da3c4d6b807862e0005263bab589de19f74f151561845e388ee7454506f	-rwxrwxr-x	-rwxrwxr-x	0	0	Port existing custom artwork: keyboard/select; stock 1.3 content at this path has no intervening vendor change
/usr/resource/litegui/theme1/keyboard/select/ghi_l.png	modify	f9c79c07a393df2c23b5b4d38bdfc9bff08725b7ddb26f0ceb4047e75a024e23	6e8ec1a03df0f9ef6efc31ad7502032ae8f60103098c8b1d941f314897e1fb7a	-rwxrwxr-x	-rwxrwxr-x	0	0	Port existing custom artwork: keyboard/select; stock 1.3 content at this path has no intervening vendor change
/usr/resource/litegui/theme1/keyboard/select/ghi_u.png	modify	0559598154ad8450015bdcfae326dc445e7f4ac7535f72e0da0f97d05d87e228	3f944bb620a4a0c4573e1dac7d1a40bb66f221eb2db0731b60a35c762604ed95	-rwxrwxr-x	-rwxrwxr-x	0	0	Port existing custom artwork: keyboard/select; stock 1.3 content at this path has no intervening vendor change
/usr/resource/litegui/theme1/keyboard/select/jkl_l.png	modify	c9ab1c0bbf3e45c50c2de9c71ce0bab02d3c0d27c22513f21358d8fb556896b6	2084a2d9da0f60be54b668fa0fe40125ad40296520dd2f52aa19dd23219a3e61	-rwxrwxr-x	-rwxrwxr-x	0	0	Port existing custom artwork: keyboard/select; stock 1.3 content at this path has no intervening vendor change
/usr/resource/litegui/theme1/keyboard/select/jkl_u.png	modify	ca052a0ccc915fabb2244ed67fd1df09868607e77a00c537641ab0bdc8f0d47b	cbd263cc88c7640b5452962a07cef62879693934452705122a4780ada77697f2	-rwxrwxr-x	-rwxrwxr-x	0	0	Port existing custom artwork: keyboard/select; stock 1.3 content at this path has no intervening vendor change
/usr/resource/litegui/theme1/keyboard/select/left.png	modify	0f2eb1ab134bb2c15007b890b39eb8711082be09eb38462fd2006c315016f2d6	3ae24a739f86968dc4683540f98a5306e5d7f7e5ac65b7751ea84c46c146f625	-rwxrwxr-x	-rwxrwxr-x	0	0	Port existing custom artwork: keyboard/select; stock 1.3 content at this path has no intervening vendor change
/usr/resource/litegui/theme1/keyboard/select/lower.png	modify	20a2a4351ac0e7ff09f9033b261c0eaf2d200784218fbeecc81effe55dbdc3d7	95a4c85aa61caea69c29664e0d9b5e39d661f463ca617c2ed7ffdb5b42a9f341	-rwxrwxr-x	-rwxrwxr-x	0	0	Port existing custom artwork: keyboard/select; stock 1.3 content at this path has no intervening vendor change
/usr/resource/litegui/theme1/keyboard/select/mno_l.png	modify	b2e4a98c82b8a0c0988f0d2a037a3bbc1fb96cf2a7731800e1d3c0c9707cf268	f6984d47e0d6052cac5b88a3fe014ac67aeafcfd2e3f291b6de1423fc09bd46b	-rwxrwxr-x	-rwxrwxr-x	0	0	Port existing custom artwork: keyboard/select; stock 1.3 content at this path has no intervening vendor change
/usr/resource/litegui/theme1/keyboard/select/mno_u.png	modify	eeb819765d85529035cf4a9ac97464e92368742b6c361a7ad2ceed4e63a8bcae	8e8a52319c07438149c0cd13d3bf1fbf4db6dfa0a7dca17cbb65436099d70138	-rwxrwxr-x	-rwxrwxr-x	0	0	Port existing custom artwork: keyboard/select; stock 1.3 content at this path has no intervening vendor change
/usr/resource/litegui/theme1/keyboard/select/num.png	modify	bb73a30150de3ccad39a9de11ecb3da27af38c59416bffa419b0d010e29a938c	648dcd05f4a5231dac5ef3d310697330362e948c4fe3254e97015eb22c506e40	-rwxrwxr-x	-rwxrwxr-x	0	0	Port existing custom artwork: keyboard/select; stock 1.3 content at this path has no intervening vendor change
/usr/resource/litegui/theme1/keyboard/select/num_more.png	modify	13fa108622bf96e13d2e872d757a392e47addc01a0a0344abcdee0019574de80	6dd9d5b7e46b4472ad9af1612a9684dd782a4fd9f9692dc96c5022688dd07157	-rwxrwxr-x	-rwxrwxr-x	0	0	Port existing custom artwork: keyboard/select; stock 1.3 content at this path has no intervening vendor change
/usr/resource/litegui/theme1/keyboard/select/pqrs_l.png	modify	b7302483c7b0475e16968dbc6f0dad091ee43c392ef965d7323946f111f9a641	07fccfd25a59843fb5e1d3038f8bdab5fe57e9bdef4e3301530e1a3a3a9022c4	-rwxrwxr-x	-rwxrwxr-x	0	0	Port existing custom artwork: keyboard/select; stock 1.3 content at this path has no intervening vendor change
/usr/resource/litegui/theme1/keyboard/select/pqrs_u.png	modify	bd4aad8fbac0a61957ef04e417241f051f5563d6b4b7780793f06525cde54fc2	8061bcf24e90e696bfc8c7bc53ef3aca42e06a39c097c64030819e55a47e1359	-rwxrwxr-x	-rwxrwxr-x	0	0	Port existing custom artwork: keyboard/select; stock 1.3 content at this path has no intervening vendor change
/usr/resource/litegui/theme1/keyboard/select/right.png	modify	f05190c135d6912304ffde976e13a18058167fa275d88e139d32ec6f3d6f1fa7	20e9279a0e35aafa955e4596c8687559c5e80aee4ce1493d5cbe3195f316587c	-rwxrwxr-x	-rwxrwxr-x	0	0	Port existing custom artwork: keyboard/select; stock 1.3 content at this path has no intervening vendor change
/usr/resource/litegui/theme1/keyboard/select/space.png	modify	77cb2e0abb11b7d51e743d292aed1eb55d280ab5c1aefba6b4e377c604b887f1	b7c32cb2cdaf1d8eb2ab6751d7f472dfbdea6a350438c173f2962c050591dd3b	-rwxrwxr-x	-rwxrwxr-x	0	0	Port existing custom artwork: keyboard/select; stock 1.3 content at this path has no intervening vendor change
/usr/resource/litegui/theme1/keyboard/select/space2.png	modify	806be35ae1f93588518389c98c1ba3e1c4ba9c21098a96367055f643c919468e	c38674df5b953518eecae5643c86500231044bcd133d24dfbcdd5483646d01ab	-rwxrwxr-x	-rwxrwxr-x	0	0	Port existing custom artwork: keyboard/select; stock 1.3 content at this path has no intervening vendor change
/usr/resource/litegui/theme1/keyboard/select/symbol.png	modify	cdefb3a58b261c69feec361c7b18043dfb6d3fba8bf6abe65b745652d91707ee	18f2147fe65cfd93b1c6a8daf21eb16ae3a03076670c7aa4325b29d947bd69b6	-rwxrwxr-x	-rwxrwxr-x	0	0	Port existing custom artwork: keyboard/select; stock 1.3 content at this path has no intervening vendor change
/usr/resource/litegui/theme1/keyboard/select/symbol0.png	modify	d9ed3295552236a12713516816e735c31387fee1d3992d05f0950c13c9f272a9	eaa235c110e42b198ff557e047ed1ad9775d3b275b4ab15559809d87022d88ba	-rwxrwxr-x	-rwxrwxr-x	0	0	Port existing custom artwork: keyboard/select; stock 1.3 content at this path has no intervening vendor change
/usr/resource/litegui/theme1/keyboard/select/symbol1.png	modify	3db8aeb48cd07117288b00919efca0bc795ba5ad7ca51bf272ef9f9f14d82193	8f4b7b3c90381609054805ed9a23f71dff64c8a5a19bf718bb212ccc5d9d2b51	-rwxrwxr-x	-rwxrwxr-x	0	0	Port existing custom artwork: keyboard/select; stock 1.3 content at this path has no intervening vendor change
/usr/resource/litegui/theme1/keyboard/select/symbol2.png	modify	c18f98da6993110ecd78ca377e3b4ec85346906b7b767c2d0f4d9fea9f41bf63	4a511d6df90d18fb7362267a18d08b376a2348cff43f9587c8f31e2f214b4cdd	-rwxrwxr-x	-rwxrwxr-x	0	0	Port existing custom artwork: keyboard/select; stock 1.3 content at this path has no intervening vendor change
/usr/resource/litegui/theme1/keyboard/select/symbol3.png	modify	a0b29d12a745db34b5feceb566b17cb261cfa8847a500d5b51022113e301bab2	2cc577920bd3dc70fa9725e51cdc12a111a36604af6d9e8a16105e9f7f94cf48	-rwxrwxr-x	-rwxrwxr-x	0	0	Port existing custom artwork: keyboard/select; stock 1.3 content at this path has no intervening vendor change
/usr/resource/litegui/theme1/keyboard/select/symbol4.png	modify	53103646f845a17535f729df08505a6e953920595286912fd9203f56a30c94fa	5df87b2de63de401e58295203a282d98b627f3f81c39da1a4729481e37645181	-rwxrwxr-x	-rwxrwxr-x	0	0	Port existing custom artwork: keyboard/select; stock 1.3 content at this path has no intervening vendor change
/usr/resource/litegui/theme1/keyboard/select/symbol5.png	modify	b6a96b56c9721543b88593053e3e050c79130b4015ff95e57c91cddbdf9532db	529b67754365103e4bda88641902160b633600f93cf6bf91197d47c0ef1da078	-rwxrwxr-x	-rwxrwxr-x	0	0	Port existing custom artwork: keyboard/select; stock 1.3 content at this path has no intervening vendor change
/usr/resource/litegui/theme1/keyboard/select/symbol6.png	modify	ba731751f6c291aa349a6a3c6d8de1eb6adfcfa4edd4ecdaaebca2a7afea2675	aa8a140256812f7b9f9f8842fff85984a0039143190bcd06841c49bc3294ba57	-rwxrwxr-x	-rwxrwxr-x	0	0	Port existing custom artwork: keyboard/select; stock 1.3 content at this path has no intervening vendor change
/usr/resource/litegui/theme1/keyboard/select/symbol7.png	modify	5f8f0aee9c9ed34f7fc2187b39e8290183cd6ef8d298833e68c5ce4cbc14e8e5	88fae0d6c339b1c45513dbb1aaf5504b3afa7d1e90002df4441ffe0cd533fcb6	-rwxrwxr-x	-rwxrwxr-x	0	0	Port existing custom artwork: keyboard/select; stock 1.3 content at this path has no intervening vendor change
/usr/resource/litegui/theme1/keyboard/select/symbol8.png	modify	24d81131dcf21b29b8163ddb05cc5b836cdf81abd16f6ba6b35b411a06ed5aa8	eb33a8cf34b2d285630f6bbe1290a01e214e9cc7b20b9efa946b6c4ff51631b5	-rwxrwxr-x	-rwxrwxr-x	0	0	Port existing custom artwork: keyboard/select; stock 1.3 content at this path has no intervening vendor change
/usr/resource/litegui/theme1/keyboard/select/symbol9.png	modify	3c0d32e1e96772a059cd936a52e0841345459526a6d14c347cbd0d3347ea5180	f2bd8e782e9b58d40022eab394764a186899fbde8202756b10df2ee1355dc541	-rwxrwxr-x	-rwxrwxr-x	0	0	Port existing custom artwork: keyboard/select; stock 1.3 content at this path has no intervening vendor change
/usr/resource/litegui/theme1/keyboard/select/symbol_more.png	modify	f0fb0ea4d45289192c476759ccf012c6516a2c4acdae8968f00feeb8767b3309	9605511d1aaa8415c2ea4b42edd4de684710dd10922a12ad6df01b6774e58084	-rwxrwxr-x	-rwxrwxr-x	0	0	Port existing custom artwork: keyboard/select; stock 1.3 content at this path has no intervening vendor change
/usr/resource/litegui/theme1/keyboard/select/tuv_l.png	modify	5f07c4fd468188d5a269fd9aec65daaaa49d80a77e5f57b06016629f6197408c	474b0da969ffeacb8e1413140ce9a63b153741e556ea39a7dfd0ec1e34931161	-rwxrwxr-x	-rwxrwxr-x	0	0	Port existing custom artwork: keyboard/select; stock 1.3 content at this path has no intervening vendor change
/usr/resource/litegui/theme1/keyboard/select/tuv_u.png	modify	690e567a4c0b8b598b39d5f61cd041aa4e35d637d3c1c27a6cdd2aab76157c9a	6bd67c85216da17432c03eb28fe53e254a21debe648527fadfdc605b7f01bf75	-rwxrwxr-x	-rwxrwxr-x	0	0	Port existing custom artwork: keyboard/select; stock 1.3 content at this path has no intervening vendor change
/usr/resource/litegui/theme1/keyboard/select/upper.png	modify	a7141cf408f9f87fb49b36dae0a28c7b2d354981899075c5857a4637dedf82de	95a4c85aa61caea69c29664e0d9b5e39d661f463ca617c2ed7ffdb5b42a9f341	-rwxrwxr-x	-rwxrwxr-x	0	0	Port existing custom artwork: keyboard/select; stock 1.3 content at this path has no intervening vendor change
/usr/resource/litegui/theme1/keyboard/select/wxyz_l.png	modify	04841d3e3ec401bd08ae847202cd3f90f86772301fa39e59354692cb429b64e5	2d97db65a09e288f65211a9465965db2610e09c51cf3689b21493ae78b778292	-rwxrwxr-x	-rwxrwxr-x	0	0	Port existing custom artwork: keyboard/select; stock 1.3 content at this path has no intervening vendor change
/usr/resource/litegui/theme1/keyboard/select/wxyz_u.png	modify	93fd1dd9c5dc7406c85f003577be82d84713bceaca8c5afbcc69015ce42ed55c	ce90dad62fa2bd161608d751f6282931fefb824d834fa9397d2db7984a4dfa0e	-rwxrwxr-x	-rwxrwxr-x	0	0	Port existing custom artwork: keyboard/select; stock 1.3 content at this path has no intervening vendor change
/usr/resource/litegui/theme1/keyboard/space.png	modify	633652dd28aa859bf708799b9f2c8730a201b2e038903fa9c0cbceb92e30a285	216bba82efc13bb28eefd531e1e3d76a2f43e248ddabb2102cae9a443b59871b	-rwxrwxr-x	-rwxrwxr-x	0	0	Port existing custom artwork: keyboard; stock 1.3 content at this path has no intervening vendor change
/usr/resource/litegui/theme1/keyboard/space2.png	modify	0ff418508cd63f109fcaf7a2275ca4ef8ec5501cab76d35ac46c9f90988c049d	91671791c0b38d731f558f6287fb305824ef397c25e02981df0bd6a6875b0b3b	-rwxrwxr-x	-rwxrwxr-x	0	0	Port existing custom artwork: keyboard; stock 1.3 content at this path has no intervening vendor change
/usr/resource/litegui/theme1/keyboard/symbol.png	modify	767d593461c8175ff081df91b7f3c6c656de1a2ff52b53adee16aec39aeefec3	4cf79e08c78c3d0ac25e784d0aa5b7cd51e74020b092b5dbb544a7a356089e8c	-rwxrwxr-x	-rwxrwxr-x	0	0	Port existing custom artwork: keyboard; stock 1.3 content at this path has no intervening vendor change
/usr/resource/litegui/theme1/keyboard/symbol0.png	modify	bf4d3c3493fcbac9e5fd268a051d94f8c3904e036b6d671f07d4a57b0cb377b5	f7d785894fe7860820cab4ba48f178eb8152e68d44396e26119c40e7fb39b325	-rwxrwxr-x	-rwxrwxr-x	0	0	Port existing custom artwork: keyboard; stock 1.3 content at this path has no intervening vendor change
/usr/resource/litegui/theme1/keyboard/symbol1.png	modify	d62291df659fa45c85a25bb5508c2593971617fab0ff9fc7ac4b614d706cf48d	d24554bf76cdc485152eae9ac130134c629fe96bb0750a4d1e5775f355561048	-rwxrwxr-x	-rwxrwxr-x	0	0	Port existing custom artwork: keyboard; stock 1.3 content at this path has no intervening vendor change
/usr/resource/litegui/theme1/keyboard/symbol2.png	modify	af18e9e099116477b6cc0b26fdca475844cd919b927bb8d9ea88d1584001b850	da4c39b0a142cfdc6ce16ec0f1380e512f2466bdd6072d5a091da6c8e5f70a5f	-rwxrwxr-x	-rwxrwxr-x	0	0	Port existing custom artwork: keyboard; stock 1.3 content at this path has no intervening vendor change
/usr/resource/litegui/theme1/keyboard/symbol3.png	modify	ac32c68465a1b4b13f167f618d8a9d7d6852fcfaf1258fef98bc1daedf4304c8	4c1be7f03e23240cc00a1f83c797c860ed34c304e4388e6a9f4ac2443c425770	-rwxrwxr-x	-rwxrwxr-x	0	0	Port existing custom artwork: keyboard; stock 1.3 content at this path has no intervening vendor change
/usr/resource/litegui/theme1/keyboard/symbol4.png	modify	22d295cb7092bcb4243f3eec27bc3bab189ca83feca945fcf1a1b2a26370bc12	5fa871847a3a47b7d5d4921455cbaf0bfeac41c8090d6b5d93af285bcb8d7700	-rwxrwxr-x	-rwxrwxr-x	0	0	Port existing custom artwork: keyboard; stock 1.3 content at this path has no intervening vendor change
/usr/resource/litegui/theme1/keyboard/symbol5.png	modify	cef5f51761c308120461a360f2b8221c99333f201d2abcea7024855abe3bf530	6cde9a8da7961851e25f71a313fcff687f4d6000c2838f6f6ca6ce55076b8a82	-rwxrwxr-x	-rwxrwxr-x	0	0	Port existing custom artwork: keyboard; stock 1.3 content at this path has no intervening vendor change
/usr/resource/litegui/theme1/keyboard/symbol6.png	modify	cd4e4bfd1a2ad419d6a0d0881e91cb2f29362fe3b1fb0192cfb697b1e8af072f	50b4cdb6df39c925ad97fd820e0ab4c450c536d119f7ffb7b4bc21d9bc69fe76	-rwxrwxr-x	-rwxrwxr-x	0	0	Port existing custom artwork: keyboard; stock 1.3 content at this path has no intervening vendor change
/usr/resource/litegui/theme1/keyboard/symbol7.png	modify	6397f98e629293a3d6e38de2a754edda65c6e25b14cf4990622ef1e99991ea51	e5d129b7ba192c82ab3c912912413fbfd4f5f2ae61a7880a3edbbd86e718a2fe	-rwxrwxr-x	-rwxrwxr-x	0	0	Port existing custom artwork: keyboard; stock 1.3 content at this path has no intervening vendor change
/usr/resource/litegui/theme1/keyboard/symbol8.png	modify	ffb70b4dab0fd38108813df45c5a9af540996baeae0745bffc0531fa2d1ccf0c	ff38a5fc787b664b586988dba8d427bd3ab6f20f53466e7648dc33912633765d	-rwxrwxr-x	-rwxrwxr-x	0	0	Port existing custom artwork: keyboard; stock 1.3 content at this path has no intervening vendor change
/usr/resource/litegui/theme1/keyboard/symbol9.png	modify	4f6dec133e6bc51177b6971ed12640051b721a092df3b20de580237846f4b794	098cd7caeac65d2da74871fbb97290b021357451c52a5e7a8c782dc8749b8195	-rwxrwxr-x	-rwxrwxr-x	0	0	Port existing custom artwork: keyboard; stock 1.3 content at this path has no intervening vendor change
/usr/resource/litegui/theme1/keyboard/symbol_more.png	modify	900387d1b20b0aad0cb34f4e6fbd6c06c5d7f95a04cd3f6cfc23468ea4520a63	2ebfd678abb2d4cbed2a96cf4ad0d0fddc65a8d4aa76b15d917e12564887c6d8	-rwxrwxr-x	-rwxrwxr-x	0	0	Port existing custom artwork: keyboard; stock 1.3 content at this path has no intervening vendor change
/usr/resource/litegui/theme1/keyboard/tuv_l.png	modify	d484cf8a442e667faf1678243ba9c27bcbf653332329c3c03f8a6d979dff4735	af82f297625aeafaac1a98c723cdcf7329d81f67c79dfd77382b2de8438b2e50	-rwxrwxr-x	-rwxrwxr-x	0	0	Port existing custom artwork: keyboard; stock 1.3 content at this path has no intervening vendor change
/usr/resource/litegui/theme1/keyboard/tuv_u.png	modify	539ce0fc1e140812a187a47690211061cbe609da54483ebe0c210285f3ee46ec	dffca34644f8b4d5e2292d6306d762e3e16f54e167d2269fde424b7bd4b33d9e	-rwxrwxr-x	-rwxrwxr-x	0	0	Port existing custom artwork: keyboard; stock 1.3 content at this path has no intervening vendor change
/usr/resource/litegui/theme1/keyboard/upper.png	modify	5f5957e5833e168b61173d145a1d3cefa62dd9fbffa7383277aa4b6bfa1ff277	e6ba142510b263b30d4ce5af981896b39a2ebfc118248e08c86807b4b2bd3559	-rwxrwxr-x	-rwxrwxr-x	0	0	Port existing custom artwork: keyboard; stock 1.3 content at this path has no intervening vendor change
/usr/resource/litegui/theme1/keyboard/wxyz_l.png	modify	0748cb0f8897146be7977b585726d20f7cbcca69b56a342f2cc20058acb9d2b2	a670021b8eb875307ee7144849eccdb191dbb0ec1d81c30eadfd460b29a98629	-rwxrwxr-x	-rwxrwxr-x	0	0	Port existing custom artwork: keyboard; stock 1.3 content at this path has no intervening vendor change
/usr/resource/litegui/theme1/keyboard/wxyz_u.png	modify	41a8fe2331c041255c807b16f1e62acf8a1bbc64d7516d20b8688dc86b91fd7d	65303daa9509060aab653288db08d0b01f8d16a7a8fedfee7c2775947316e002	-rwxrwxr-x	-rwxrwxr-x	0	0	Port existing custom artwork: keyboard; stock 1.3 content at this path has no intervening vendor change
/usr/resource/litegui/theme1/launcher/book.png	modify	2d0f0659f98e56e3eaf398cc981ad081adc90a5e8bc687196acec630b074d01e	5095eb90473e1232e1a41c814424c75cd62b8b7d7c3d1b56d8686ee07bf81a69	-rwxrwxr-x	-rwxrwxr-x	0	0	Port existing custom artwork: launcher; stock 1.3 content at this path has no intervening vendor change
/usr/resource/litegui/theme1/launcher/book_s.png	modify	4149fd93cd4923baa9db058422a8221aaf1e99443d524adf72da5c7c2936f1cb	5628885a755835fe01b14e2b7c3e5fe7778c24f308dc79247c6cbc70eec4f51c	-rwxrwxr-x	-rwxrwxr-x	0	0	Port existing custom artwork: launcher; stock 1.3 content at this path has no intervening vendor change
/usr/resource/litegui/theme1/launcher/dac.png	add		97269ac939ea49d1c35264f33fdf251fb2b9bd1e37d9f319f1ed70593848a70b		-rw-r--r--	0	0	Port existing custom artwork: launcher; stock 1.3 content at this path has no intervening vendor change
/usr/resource/litegui/theme1/launcher/dac_s.png	add		87a3a17184f49e1a905ab21cf1270ec0c8f4ea6ff8dd396095bf9cc5788fd640		-rw-r--r--	0	0	Port existing custom artwork: launcher; stock 1.3 content at this path has no intervening vendor change
/usr/resource/litegui/theme1/launcher/hor_line.png	add		d45fefc430298b7fced38dcd3269827b6a36f99b7afd6df8da317cecfb2db02c		-rw-r--r--	0	0	Port existing custom artwork: launcher; stock 1.3 content at this path has no intervening vendor change
/usr/resource/litegui/theme1/launcher/music.png	modify	e811d492c8ea00c0f5a4fe1c1c3be8309f680d305785c17c7a4b104bd4d386dc	1a4a91a7982ba3b7606c7abdd9befe9a711b2257faaf6932802a7add932835c9	-rwxrwxr-x	-rwxrwxr-x	0	0	Port existing custom artwork: launcher; stock 1.3 content at this path has no intervening vendor change
/usr/resource/litegui/theme1/launcher/music_s.png	modify	0e1b5e23c462413f7d952d76613958f205c3e0be30d0cd946837141964d707dc	4264c5c565b0cc15a25957b6a820c397123256c03a0bf8c5d60daebda5a907ad	-rwxrwxr-x	-rwxrwxr-x	0	0	Port existing custom artwork: launcher; stock 1.3 content at this path has no intervening vendor change
/usr/resource/litegui/theme1/launcher/stream_media.png	modify	3a02dbb8e09840488d1b3cd11b7625315a42730c62b5d1a9ff12a2886510b123	df268b2b6efa054eac0ff6fb6780dc7ce4a9dd24faa3bab4c5e7c96411506b4c	-rwxrwxr-x	-rwxrwxr-x	0	0	Port existing custom artwork: launcher; stock 1.3 content at this path has no intervening vendor change
/usr/resource/litegui/theme1/launcher/stream_media_s.png	modify	96490442e2f1d6b763fe18be4ade32e61e340e51a0aabfad091191184c0f4b92	421d1f09d942016d2e0427da8e2d48a3e3631d6401ac4e1171575cd929e1925d	-rwxrwxr-x	-rwxrwxr-x	0	0	Port existing custom artwork: launcher; stock 1.3 content at this path has no intervening vendor change
/usr/resource/litegui/theme1/launcher/sys_set.png	modify	2163d5c6394b65a56e6ddd33a2f6e79dd329f2d505bae2337fe40073c017dcd6	d38d51b6792e2ca7f8572d4840af061225327694978128218affc8b44536042d	-rwxrwxr-x	-rwxrwxr-x	0	0	Port existing custom artwork: launcher; stock 1.3 content at this path has no intervening vendor change
/usr/resource/litegui/theme1/launcher/sys_set_s.png	modify	3db2206a7928d166024853e59b9b4a77fe7b08ec62aa38a036bb6aaf1a558564	752c495a8117a004f11efe5786211bbfcc51ec4f19d63b9fee03c4d7a6794bd7	-rwxrwxr-x	-rwxrwxr-x	0	0	Port existing custom artwork: launcher; stock 1.3 content at this path has no intervening vendor change
/usr/resource/litegui/theme1/launcher/ver_line.png	add		78453d59c0730666893edf682e5cc1bf61fe4a71c8c9a2abab4e6491b82db339		-rw-r--r--	0	0	Port existing custom artwork: launcher; stock 1.3 content at this path has no intervening vendor change
/usr/resource/litegui/theme1/launcher/wireless.png	modify	c4d1c195ddc1091fc03e09bac7c4e8d05382ea0f26954cfae9d8b6da9c8f7dd2	6db727e4634e0e4b20679b23ee2c4de70d8c046ac8456524df006d0e4db37226	-rwxrwxr-x	-rwxrwxr-x	0	0	Port existing custom artwork: launcher; stock 1.3 content at this path has no intervening vendor change
/usr/resource/litegui/theme1/launcher/wireless_s.png	modify	788ed93317382aa509956e537735c731792b3283dca113b04186fe57b8ce0a9a	c71ba246d8c984f7b3cc4b5bce6ff5a97fc9ac75280d13e155c0c8a141159187	-rwxrwxr-x	-rwxrwxr-x	0	0	Port existing custom artwork: launcher; stock 1.3 content at this path has no intervening vendor change
/usr/resource/litegui/theme1/menu/airplay.png	modify	e6f53c2c0213683486bbb975485c04a42282c4fc7566fb8147671fad302ce224	a8e23705636b1fb91df8edee5c033c7ef67ef15d3cab79c572e12ed8da6c8766	-rwxrwxr-x	-rwxrwxr-x	0	0	Port existing custom artwork: menu; stock 1.3 content at this path has no intervening vendor change
/usr/resource/litegui/theme1/menu/airplay_s.png	modify	6a205ce1e494e14ea31928dc5f49bc799271954ecbf9739438517df4a222f0f5	175355c8e01e7cd7f0936f8eb50f182d1ca5b02d53e00f8d4fc8a8821244bae3	-rwxrwxr-x	-rwxrwxr-x	0	0	Port existing custom artwork: menu; stock 1.3 content at this path has no intervening vendor change
/usr/resource/litegui/theme1/menu/bg.png	modify	0a27d9e8756fd0e7408e8866f8e917f19e3ee94383b4521e4003a73cb6de1e5b	4fabae7ca6016a7b2c23f8f6b46efb0d9825070ade1250b08ffd24e9599a66a7	-rwxrwxr-x	-rwxrwxr-x	0	0	Port existing custom artwork: menu; stock 1.3 content at this path has no intervening vendor change
/usr/resource/litegui/theme1/menu/blk.png	add		457ea7f8a19034683221b76d02aa360d0b5decd80bbde16adad722e6ae102373		-rw-r--r--	0	0	Port existing custom artwork: menu; stock 1.3 content at this path has no intervening vendor change
/usr/resource/litegui/theme1/menu/bt.png	modify	b97dac35b9025723e866c156d6a6a9759117697cf12cace93053658b56ef65c1	72da8df8b6ef4ecb8ff6ef15e4fd8cc0013612cc9cafa0acafce97d7452c7690	-rwxrwxr-x	-rwxrwxr-x	0	0	Port existing custom artwork: menu; stock 1.3 content at this path has no intervening vendor change
/usr/resource/litegui/theme1/menu/bt_s.png	modify	334c3fde1cb3ea308bfe3e408ff4d3e55dadc803b1ee0e5c1ceb76b4e5c72579	70dd157e195b524b3ecd2e6cdf3e69f3240a177bd873502eb8e5312875b333fe	-rwxrwxr-x	-rwxrwxr-x	0	0	Port existing custom artwork: menu; stock 1.3 content at this path has no intervening vendor change
/usr/resource/litegui/theme1/menu/cursor.png	modify	73f19d087258957f00b97887ebb8d64fc6591f11e274b59840d8965a872bd82e	cb3f5cf2593e6f1bedb2279922766dc5fe5006f285e92529cdbcb42eabd914e9	-rwxrwxr-x	-rwxrwxr-x	0	0	Port existing custom artwork: menu; stock 1.3 content at this path has no intervening vendor change
/usr/resource/litegui/theme1/menu/dlna.png	modify	d9b8112932a14b3de1782ec80e5bfaf47c4161193b16f5b03e00294b7b5af211	9f35afe2c256b380669a6c71c49ef73181d0d5b55b5298de44dccaf69e6cde26	-rwxrwxr-x	-rwxrwxr-x	0	0	Port existing custom artwork: menu; stock 1.3 content at this path has no intervening vendor change
/usr/resource/litegui/theme1/menu/dlna_s.png	modify	55830f2f4c22ff7e2d17493a932e78a282d044801662abb87817f2a2d74f48e4	20c2ea2a66d8c039ea8d595c43333b70fc8411b4a9e361da3507e61b64ad651d	-rwxrwxr-x	-rwxrwxr-x	0	0	Port existing custom artwork: menu; stock 1.3 content at this path has no intervening vendor change
/usr/resource/litegui/theme1/menu/fade.png	modify	97d41b992a625c3d51cfaf3f1dc640233f532253dbb5c84762b707e305f410e2	77c0e69e310c11e55a424f774ff532125a3f0c43a792ce4fc0bfb9ecda9bb5cf	-rwxrwxr-x	-rwxrwxr-x	0	0	Port existing custom artwork: menu; stock 1.3 content at this path has no intervening vendor change
/usr/resource/litegui/theme1/menu/fade_s.png	modify	8d6816113c30e7557c5ed8a085ba1267f401be17d9f753f8fb86891def613138	33f70ebd63871307ae1d90ff058a49384f4648113febf70435edc68c89b5c1ec	-rwxrwxr-x	-rwxrwxr-x	0	0	Port existing custom artwork: menu; stock 1.3 content at this path has no intervening vendor change
/usr/resource/litegui/theme1/menu/gain_h.png	modify	a677cb9be57e27637f0e7251a309c8c7a73f312477135c5bb21c698081395555	0b93e48c058d97da6dfc1311c5fc14397ad63502773699102eda47e5d116cc1b	-rwxrwxr-x	-rwxrwxr-x	0	0	Port existing custom artwork: menu; stock 1.3 content at this path has no intervening vendor change
/usr/resource/litegui/theme1/menu/gain_l.png	modify	7b5bfc1706f30a1dec30644dcd64fe5d98b7d6ce5fc9a200c865a4c80d9009df	db3596c983e129cec7e318d1485919f2d11a1744b54519e0a800bb3e784ca4ca	-rwxrwxr-x	-rwxrwxr-x	0	0	Port existing custom artwork: menu; stock 1.3 content at this path has no intervening vendor change
/usr/resource/litegui/theme1/menu/gain_m.png	modify	b27e055193591679576dfdcd979ca995361dcd353469d512f5fcf9d9e7c26121	4d3ef6d232122ca9a5b7a1b781c6fc5b76851b0c223e5a9f29028b55879c3e6c	-rw-rw-r--	-rw-rw-r--	0	0	Port existing custom artwork: menu; stock 1.3 content at this path has no intervening vendor change
/usr/resource/litegui/theme1/menu/gapless_play.png	modify	c42ecd173a3434d88577264a0242fc53c27fe4c9ff2e37f07147db3d5616209d	cbd113001bf224ef6fb7fb73ee985f2af683984cb23bc78621997530ce9c55a7	-rwxrwxr-x	-rwxrwxr-x	0	0	Port existing custom artwork: menu; stock 1.3 content at this path has no intervening vendor change
/usr/resource/litegui/theme1/menu/gapless_play_s.png	modify	32f8d5e9f496aae32bb4a0db2af83d0bb0e3d833589000e77e35feba8a2133f4	220b135624ab419fec237987c6af1f582677a0dd025859b5b5b6da8aa27e5da2	-rwxrwxr-x	-rwxrwxr-x	0	0	Port existing custom artwork: menu; stock 1.3 content at this path has no intervening vendor change
/usr/resource/litegui/theme1/menu/hibylink.png	modify	5afca6f365a6206e8cd8a1bc6eff67d4bd160b70439ac60560f5e665d4994bfb	a6daece429be0515cf99e4c23914b4d2fda531693919f9bb9ada6fc61e5649b3	-rwxrwxr-x	-rwxrwxr-x	0	0	Port existing custom artwork: menu; stock 1.3 content at this path has no intervening vendor change
/usr/resource/litegui/theme1/menu/hibylink_s.png	modify	5dc09309a8ff6d551bad109be56e2360297145086919319627eb5ae4f98ba174	f1b4efc81b6de487cbf095a2005b13e87572d058ec76b23068ae653b2814d067	-rwxrwxr-x	-rwxrwxr-x	0	0	Port existing custom artwork: menu; stock 1.3 content at this path has no intervening vendor change
/usr/resource/litegui/theme1/menu/line.png	modify	69c810989238059057b965a585efe133e8266855bda0b22b8bcaff76cecadde4	321a647057461945a7b368fed6c74b6686c197d89d30b6321ba01ceb988d3f49	-rwxrwxr-x	-rwxrwxr-x	0	0	Port existing custom artwork: menu; stock 1.3 content at this path has no intervening vendor change
/usr/resource/litegui/theme1/menu/lineout.png	modify	eb0075ababa78c28e2f3f09ace8a278f9af6d73f9c151f4c75a174d3ffe575ad	18762165506a3ee021e8370a246fefb826e0dfd8e4ebe7947a6c044058f88e3b	-rwxrwxr-x	-rwxrwxr-x	0	0	Port existing custom artwork: menu; stock 1.3 content at this path has no intervening vendor change
/usr/resource/litegui/theme1/menu/lineout_s.png	modify	7413a4d6337f3cd41c544c76892218b673d268eac4341ef2d713241a4e4fb9e9	617d22fb4d7fdec38883df3607a3934ad0d0c97345daae0245582f40e1d40596	-rwxrwxr-x	-rwxrwxr-x	0	0	Port existing custom artwork: menu; stock 1.3 content at this path has no intervening vendor change
/usr/resource/litegui/theme1/menu/mseb.png	modify	9c825ca5ca82c031cff80730b87d8525b234c44b730b21ab55ad38aff0fb5827	827922b20b79042e4ab5e7f085250f9abaf30eb2c99d45ac8e76cc06aa215e15	-rwxrwxr-x	-rwxrwxr-x	0	0	Port existing custom artwork: menu; stock 1.3 content at this path has no intervening vendor change
/usr/resource/litegui/theme1/menu/mseb_s.png	modify	17bcf158cfd53729576029ec0cb8feb94752fd520c49aa943790b0f84c58eed9	48d571bc432714c9601bb6f442fbd0adbd5e9358aaf2e01f6de37f280130497c	-rwxrwxr-x	-rwxrwxr-x	0	0	Port existing custom artwork: menu; stock 1.3 content at this path has no intervening vendor change
/usr/resource/litegui/theme1/menu/sleep_switch.png	modify	839e284fe060e94fd809a1efe108a1a3c84442bae0fc2ff950cdb603df4687e4	bfb7080928c01edc23ba14f5c6cb942b11a2b6f8fb0483d55b3e956764f66ec6	-rwxrwxr-x	-rwxrwxr-x	0	0	Port existing custom artwork: menu; stock 1.3 content at this path has no intervening vendor change
/usr/resource/litegui/theme1/menu/sleep_switch_s.png	modify	20e5178a5c482dba3f0acae9a1424be878a7b90f38266f1207cfb7e9e220b453	0587524282d42f6f66edab795805adb605ab173eff3e947eafdea108b3c03b4c	-rwxrwxr-x	-rwxrwxr-x	0	0	Port existing custom artwork: menu; stock 1.3 content at this path has no intervening vendor change
/usr/resource/litegui/theme1/menu/usb_dac.png	modify	d596b7c44eef26fe276ca9afc3d48969a3e6615d3c71dd398008a8329cdedd7f	2a523e0a3641a4ccbfb7d03bb09371b77dbd169f5cd8e252ffef69c537bad2ca	-rwxrwxr-x	-rwxrwxr-x	0	0	Port existing custom artwork: menu; stock 1.3 content at this path has no intervening vendor change
/usr/resource/litegui/theme1/menu/usb_storage.png	modify	43ff36833a518e85d16a7a35cda4caab7d689d4ba9865b6ededbc85fd5371851	be3b2c06fb3c7ed9c88b051e2a17094937a6498666e99ad12cbb10dce0b89e51	-rwxrwxr-x	-rwxrwxr-x	0	0	Port existing custom artwork: menu; stock 1.3 content at this path has no intervening vendor change
/usr/resource/litegui/theme1/menu/vol_bg.png	add		e48bcd342986dae24e6c7fcb38a77abb7e08978240752e9b5a1b8ee032018b60		-rw-r--r--	0	0	Port existing custom artwork: menu; stock 1.3 content at this path has no intervening vendor change
/usr/resource/litegui/theme1/menu/vol_progress.png	add		acfd8453ef39da5058b39d83dccf33aeb513744420a45696ea9cf215485c1164		-rw-r--r--	0	0	Port existing custom artwork: menu; stock 1.3 content at this path has no intervening vendor change
/usr/resource/litegui/theme1/menu/wifi.png	modify	e9379171103de0410b2fe06df0e6f7ed6471cfcd7c4fedecb535c6ed551b4eb2	95ec27e251f0c497bdfcae40d0fd2c22fe3e87b7204771e9575a7ae71d3f2c09	-rwxrwxr-x	-rwxrwxr-x	0	0	Port existing custom artwork: menu; stock 1.3 content at this path has no intervening vendor change
/usr/resource/litegui/theme1/menu/wifi_s.png	modify	7ae8c21875d161173f1980307773375dddf91240353ba23d253c29750ac7327d	6699e7be3e9d643643728d23c5356b1d7bb124ccc96d97af6a931d9527fe22a3	-rwxrwxr-x	-rwxrwxr-x	0	0	Port existing custom artwork: menu; stock 1.3 content at this path has no intervening vendor change
/usr/resource/litegui/theme1/no_skin_list.txt	modify	9d8f8f691a52e2d2bd3f181bfc1fc0a1f43752603ccf073a8fb0a611e331806e	585865e6330495b05fac5f61020790c44457075f0f4b6084b74930d6416d37d8	-rwxrwxr-x	-rwxrwxr-x	0	0	Preserve custom tint exclusions (CRLF/backslash syntax)
/usr/resource/litegui/theme1/number/-.png	modify	89bd883adb401b97c34a56e01b9d810334cc7267c9c83abb29660adc1ae9dd9d	b6f9b7a67ea4064456edaabac2690aab7da6fa744c2335af8a19af88661bddbc	-rwxrwxr-x	-rwxrwxr-x	0	0	Port existing custom artwork: number; stock 1.3 content at this path has no intervening vendor change
/usr/resource/litegui/theme1/number/0.png	modify	3099a65a9108145cd42866c96276d709fcd63118b7e0d221791769c4789598b5	33115807ed5f5ed4a62656f3e673ab6a694b45c893a7c8fe0b8e522dc2b242d3	-rwxrwxr-x	-rwxrwxr-x	0	0	Port existing custom artwork: number; stock 1.3 content at this path has no intervening vendor change
/usr/resource/litegui/theme1/number/0r.png	modify	a30f6272d6983c198349c49997f6928cfca625799e194c3f1d6ba0dd5f15841b	5dd7d53612d45021a6e16ef955b27884f5677525cd95b3efe226fb3232d31e3d	-rw-rw-r--	-rw-rw-r--	0	0	Port existing custom artwork: number; stock 1.3 content at this path has no intervening vendor change
/usr/resource/litegui/theme1/number/1.png	modify	51226481abdad0774329c2cf834d885570b622cb945e4a870f033601f9737184	fe377a3bfde73e6a93ddd359c549a517c73c0cee88e380e17d9f20a150781ee8	-rwxrwxr-x	-rwxrwxr-x	0	0	Port existing custom artwork: number; stock 1.3 content at this path has no intervening vendor change
/usr/resource/litegui/theme1/number/1r.png	modify	f1771421e2b4c951295e33222be0d623bbc49136512c96a2fc39efeeb094041c	4ceed8a6128541a7ae6c79f9154fa8ed9a3737350006ac0d96e4904c5f7d404e	-rw-rw-r--	-rw-rw-r--	0	0	Port existing custom artwork: number; stock 1.3 content at this path has no intervening vendor change
/usr/resource/litegui/theme1/number/2.png	modify	5573be57e7d9cd1d094d19b1cc2c843686de5397a74c01dd31d5b40f729559f9	bda2930dd2c65b82e868e1f4cd593c578cfb5b5fbdad69fe2dc326b1299a82d6	-rwxrwxr-x	-rwxrwxr-x	0	0	Port existing custom artwork: number; stock 1.3 content at this path has no intervening vendor change
/usr/resource/litegui/theme1/number/2r.png	modify	558f7efdd439032bc9be3273230156f2b10eacb4bf9662e9bf53775ea929f75d	ebb25fa243c0579ebc281de38a264318a8fb5de3d67ad36d399a8362f203a305	-rw-rw-r--	-rw-rw-r--	0	0	Port existing custom artwork: number; stock 1.3 content at this path has no intervening vendor change
/usr/resource/litegui/theme1/number/3.png	modify	f3f565620229a531b2f67d36e042ce4fe6bc2cf82acfdca1327491a6e47d2b50	fc9afab9a08de80d3a4b7281a79eb104d59d2e19cc881441135897ec4e350994	-rwxrwxr-x	-rwxrwxr-x	0	0	Port existing custom artwork: number; stock 1.3 content at this path has no intervening vendor change
/usr/resource/litegui/theme1/number/3r.png	modify	b829a6a924999c6adfcbd9dd686113dddd6c9a11947f1fa2ed8bdda0e1f1a59d	5cb17ab94e1222d80171a0f527041c9bd29d6144698c11d71486b0433efc90f9	-rw-rw-r--	-rw-rw-r--	0	0	Port existing custom artwork: number; stock 1.3 content at this path has no intervening vendor change
/usr/resource/litegui/theme1/number/4.png	modify	8689167c7b6a413f10d12988033330c8292d654bdca806abfe2116bc7c03362c	08f8dcec42cf389f25c73b1a5f9d5f5df4bd4e635ceb7988c64051f3af7cfdeb	-rwxrwxr-x	-rwxrwxr-x	0	0	Port existing custom artwork: number; stock 1.3 content at this path has no intervening vendor change
/usr/resource/litegui/theme1/number/4r.png	modify	88444a43b02877bae3cc56dff8a84c49c4964dab4207504e4ada91ab52d528ec	37f90b63dbb2f3292b011fce76f5a20a97009c9dc47b1889ed2b74aa165c5281	-rw-rw-r--	-rw-rw-r--	0	0	Port existing custom artwork: number; stock 1.3 content at this path has no intervening vendor change
/usr/resource/litegui/theme1/number/5.png	modify	765c521bec35e7cb032716a589d24f8e221faab5435c08a4a6009cf94f83fcd4	f7f8116f451036a0d589f218dd0557df806799bd632f1e8b43c29bff060fc88c	-rwxrwxr-x	-rwxrwxr-x	0	0	Port existing custom artwork: number; stock 1.3 content at this path has no intervening vendor change
/usr/resource/litegui/theme1/number/5r.png	modify	441b5e59e0900a7c46be8f92e7064e7cc1542e5bf78b6e6eb77328d95bca831e	9255301d65d55d0af2d57718f92fd31d4ba188c16ce71ce161a076d7acfb3aef	-rw-rw-r--	-rw-rw-r--	0	0	Port existing custom artwork: number; stock 1.3 content at this path has no intervening vendor change
/usr/resource/litegui/theme1/number/6.png	modify	4507f33c34008e7a3da6271147843254ab7c31887b57d3d42f4710b4e6cc9c06	461d5ae70d91cc8638737d607147cb230f446629923cfe99f185b7f811f9da25	-rwxrwxr-x	-rwxrwxr-x	0	0	Port existing custom artwork: number; stock 1.3 content at this path has no intervening vendor change
/usr/resource/litegui/theme1/number/6r.png	modify	7391a469385331d7302c93c36c9e3b8dd9db5f207fb3a8b375bfdae89c8309e3	feaaf42d167dc11f7411c52e40b2faa24e8220df6d4c34a5d9e9eea1c3e29cbb	-rw-rw-r--	-rw-rw-r--	0	0	Port existing custom artwork: number; stock 1.3 content at this path has no intervening vendor change
/usr/resource/litegui/theme1/number/7.png	modify	8b3a5be926c1f4b885e7a948f3cd15211c332856cc0b3f51600c7e514566e3a1	72122440e7991b2bba0b67b11945d9d021527c6d4227f4237ad400b3b10d6c96	-rwxrwxr-x	-rwxrwxr-x	0	0	Port existing custom artwork: number; stock 1.3 content at this path has no intervening vendor change
/usr/resource/litegui/theme1/number/7r.png	modify	aa960b494b56c403058bae7a6230e6481d6cfb84344b11110f48b2089f678c74	155b27736476c3cf8faa9caa2904e07017df176c452fd9ca80fbf739c4f7cd72	-rw-rw-r--	-rw-rw-r--	0	0	Port existing custom artwork: number; stock 1.3 content at this path has no intervening vendor change
/usr/resource/litegui/theme1/number/8.png	modify	2922dc1d976617a13827c10ed9c85acb456f56abb649b34504b1aaa13419171a	9c78eeb29b5834622565f8c9ef16bfc0a3a5dff565d4555940164776acbd8a79	-rwxrwxr-x	-rwxrwxr-x	0	0	Port existing custom artwork: number; stock 1.3 content at this path has no intervening vendor change
/usr/resource/litegui/theme1/number/8r.png	modify	6774f7d01f25087bc47559a7f88a2a5d25899e704f69c596764bc2ba2fcacbaa	0a14b990884a9f5246b768d92f2b2798d2e0b0b95c31419f1c82f77d0317331e	-rw-rw-r--	-rw-rw-r--	0	0	Port existing custom artwork: number; stock 1.3 content at this path has no intervening vendor change
/usr/resource/litegui/theme1/number/9.png	modify	f7f6b7b49817c670d82df3a5a5c7c933564b80a0cf8f3e63ebe86eff5e3c96a2	74d5bfa9f4665c69a4f1cd3761519686350bea06776da2a68a2cac6c6969f8bc	-rwxrwxr-x	-rwxrwxr-x	0	0	Port existing custom artwork: number; stock 1.3 content at this path has no intervening vendor change
/usr/resource/litegui/theme1/number/9r.png	modify	c1ad40da696e7ab23804c1b216f0923c9345ce1c2c944115a97538dcff4219f7	309bd851a9e036965c1952d336bc16bbe4ba926253fb1f366b34407f6f632c51	-rw-rw-r--	-rw-rw-r--	0	0	Port existing custom artwork: number; stock 1.3 content at this path has no intervening vendor change
/usr/resource/litegui/theme1/number/L.png	modify	b7a7a1566448ffb5ef73c6dae16ab23938c76100ae242c4ec0cee8c0ad4fed55	badee3b9c3d0208e4eb46c29defeeba4bc68d17cb3c40717a74533d9f4cf62eb	-rwxrwxr-x	-rwxrwxr-x	0	0	Port existing custom artwork: number; stock 1.3 content at this path has no intervening vendor change
/usr/resource/litegui/theme1/number/R.png	modify	d9f18b8c5d169608c1e9ae6c03d1b0b1caec938ad8a9a76b6643030c121b839e	f8de7e166b7825f41916cda35a0c0cd22ecaca0736e346d33bc43bc1ff76e86f	-rwxrwxr-x	-rwxrwxr-x	0	0	Port existing custom artwork: number; stock 1.3 content at this path has no intervening vendor change
/usr/resource/litegui/theme1/number/colon.png	modify	735fde10fc7a855af443aa3272fc8338b2e1e010281aaabf7043f941b9336dba	a66fa351d6173f08edcc6331d660a643b749fbdc02447c75383a694debd312c4	-rwxrwxr-x	-rwxrwxr-x	0	0	Port existing custom artwork: number; stock 1.3 content at this path has no intervening vendor change
/usr/resource/litegui/theme1/number/percent.png	modify	2871a11e6aa57c4031871a1cd67501719ab03908811d091f1e2334e5b49c8c30	97ea932e4a9345e553befc72f6de2c056194a95bac9171c88dbdda7ae0a0fce6	-rwxrwxr-x	-rwxrwxr-x	0	0	Port existing custom artwork: number; stock 1.3 content at this path has no intervening vendor change
/usr/resource/litegui/theme1/play_settings/cursor.png	modify	1ffa9afe4d749da2b60d67f71e0e62ccec597f06116368333613eaeed29a8b8a	cb3f5cf2593e6f1bedb2279922766dc5fe5006f285e92529cdbcb42eabd914e9	-rwxrwxr-x	-rwxrwxr-x	0	0	Port existing custom artwork: play_settings; stock 1.3 content at this path has no intervening vendor change
/usr/resource/litegui/theme1/play_settings/progress.png	modify	4a03b181acb2d5c86288fc1619868bbe8b7a5fbc4fecaeed72e12c4981395212	acfd8453ef39da5058b39d83dccf33aeb513744420a45696ea9cf215485c1164	-rwxrwxr-x	-rwxrwxr-x	0	0	Port existing custom artwork: play_settings; stock 1.3 content at this path has no intervening vendor change
/usr/resource/litegui/theme1/play_settings/progress_bg.png	modify	6530d6fdb8a83460c0e4fe75de5bf7f518d7f287bceb4c534ac5672e7b047ecf	e48bcd342986dae24e6c7fcb38a77abb7e08978240752e9b5a1b8ee032018b60	-rwxrwxr-x	-rwxrwxr-x	0	0	Port existing custom artwork: play_settings; stock 1.3 content at this path has no intervening vendor change
/usr/resource/litegui/theme1/playing_plane/btn_next.png	modify	ac759f0be6a266087e0542a6f8754571c98f5d19364852af754cbfcde82b6bdc	a43a270e30b1ea1417b4ba10ce7eef1dcc5c793d23bb8e08ecdd37b0b6d2abf3	-rwxrwxr-x	-rwxrwxr-x	0	0	Port existing custom artwork: playing_plane; stock 1.3 content at this path has no intervening vendor change
/usr/resource/litegui/theme1/playing_plane/btn_next_s.png	modify	cd095f558b9da914bfb4d927b8a5d2e617d2c9cf3f71361018b1bbbee519ed24	87c5d210dd930620e04b30aa61949ef08bdc0254f1180cb913c4c0053c61c42a	-rwxrwxr-x	-rwxrwxr-x	0	0	Port existing custom artwork: playing_plane; stock 1.3 content at this path has no intervening vendor change
/usr/resource/litegui/theme1/playing_plane/btn_pause.png	modify	f6d80316315f76e4d0048d96656b389449322c78ba4a8901c38dc6075fcecea7	e31dd1c2a2765b0a8924f6e0231aa73a5567e15381446dbf651502dd89bca54d	-rwxrwxr-x	-rwxrwxr-x	0	0	Port existing custom artwork: playing_plane; stock 1.3 content at this path has no intervening vendor change
/usr/resource/litegui/theme1/playing_plane/btn_play.png	modify	865df9935704388608f3a3db3f751cdf790eab63c1ceb3229f959eec7df1bd26	5946a1dd000beaf381c1922a3dc51b1af06b8c55a1c088e1d21dbaa383eeba5b	-rwxrwxr-x	-rwxrwxr-x	0	0	Port existing custom artwork: playing_plane; stock 1.3 content at this path has no intervening vendor change
/usr/resource/litegui/theme1/playing_plane/btn_prev.png	modify	fbc725c51f9bd08293cc1b441f8359f29ce913ee33dfd7c6b9d649fd8585a762	d03a57777482244c3836249ad9aff755afd3fca558a579137aec33fe84466058	-rwxrwxr-x	-rwxrwxr-x	0	0	Port existing custom artwork: playing_plane; stock 1.3 content at this path has no intervening vendor change
/usr/resource/litegui/theme1/playing_plane/btn_prev_s.png	modify	849d829ae4547ca5c1b8f9f483fc294a3a0b9d1714e180742b0b63e039ad3b95	12daac15183c69061f461abf833d6ac6b8ec22d28fc0556452daedd6624a306d	-rwxrwxr-x	-rwxrwxr-x	0	0	Port existing custom artwork: playing_plane; stock 1.3 content at this path has no intervening vendor change
/usr/resource/litegui/theme1/playing_plane/buttom.png	modify	de8ebfa5330eb21fafa34f73874d839e68b037b28fa2e3860d77d15bf6068a66	c72ae787197239948d124e84fb531923929a20f5504e3e701cb5c7c3845dfb34	-rwxrwxr-x	-rwxrwxr-x	0	0	Port existing custom artwork: playing_plane; stock 1.3 content at this path has no intervening vendor change
/usr/resource/litegui/theme1/playing_plane/collect_in.png	modify	99361e86604f06ef9fba74aeb9978fd0d95acd4499d72b384472e1a30b8ec253	0af3438b41efa6ec155132948036dda87dc66ff5ea355450ec543e0f3aee4a0d	-rwxrwxr-x	-rwxrwxr-x	0	0	Port existing custom artwork: playing_plane; stock 1.3 content at this path has no intervening vendor change
/usr/resource/litegui/theme1/playing_plane/collect_out.png	modify	14bbad3f64d71dc4e29b6ee97d576fdc818640c3362ca3f03b8fbf3479fd0ce1	dd6616928f1c789dabc6aedbcf577c6886738f15787eaf3bd678a5643bdde21d	-rwxrwxr-x	-rwxrwxr-x	0	0	Port existing custom artwork: playing_plane; stock 1.3 content at this path has no intervening vendor change
/usr/resource/litegui/theme1/playing_plane/cursor.png	modify	1aff271a8a251710032d98e5a6dd0dc905986694db49c81689b656ec47ebaa72	6d454ef7b45a773976940098b6af85c2c1e4204daf9a7f81eb93da7d81ef2be2	-rwxrwxr-x	-rwxrwxr-x	0	0	Port existing custom artwork: playing_plane; stock 1.3 content at this path has no intervening vendor change
/usr/resource/litegui/theme1/playing_plane/cursor_focus.png	modify	1aff271a8a251710032d98e5a6dd0dc905986694db49c81689b656ec47ebaa72	d12fd7f1178292c26194dc4e2a054c125b7e2113f2a17d883f9ee876924157b8	-rwxrwxr-x	-rwxrwxr-x	0	0	Port existing custom artwork: playing_plane; stock 1.3 content at this path has no intervening vendor change
/usr/resource/litegui/theme1/playing_plane/default_airplay280.png	add		83ef21a1a6df73250f43646f245d188c21dc8963225685e88d21c763a57ea54f		-rw-r--r--	0	0	Port existing custom artwork: playing_plane; stock 1.3 content at this path has no intervening vendor change
/usr/resource/litegui/theme1/playing_plane/default_cover_bg.png	modify	c81ee3893fd853cb65367601293ffd3c867aa24c32663d7af361531a4d64a8dc	95d4f34f4fa0de58411a2e3dc1411791b481d250c0e55d44eca05717784064c7	-rwxrwxr-x	-rwxrwxr-x	0	0	Port existing custom artwork: playing_plane; stock 1.3 content at this path has no intervening vendor change
/usr/resource/litegui/theme1/playing_plane/dlna.png	modify	bdd049be42e2b44ce82e89cb918f6792d58fb6ea298feab88c9eebd6d434ab82	64136aec903cb88af42764a6f3701fcc78c7fff400a4b66c8ab7735ac2fd5b44	-rwxrwxr-x	-rwxrwxr-x	0	0	Port existing custom artwork: playing_plane; stock 1.3 content at this path has no intervening vendor change
/usr/resource/litegui/theme1/playing_plane/fm_cover.png	modify	38f09f572e48f97d4370d090616e7c0f701fddd41093f2c8533f9b4d2aa42d16	2a95a29d15c3314d083bf48eac75b9b273b1093e23d5fead82ff9e074a12aa46	-rwxrwxr-x	-rwxrwxr-x	0	0	Port existing custom artwork: playing_plane; stock 1.3 content at this path has no intervening vendor change
/usr/resource/litegui/theme1/playing_plane/ic_more.png	modify	c0582c1035e704b641da4bf03b704310c10beb4c40799b4044d907e37b6a7272	3c8343b14feee29aba3e180d44c407507a3ab2110b90e67b212f5ba39799fd2b	-rwxrwxr-x	-rwxrwxr-x	0	0	Port existing custom artwork: playing_plane; stock 1.3 content at this path has no intervening vendor change
/usr/resource/litegui/theme1/playing_plane/ic_more_s.png	modify	685cbafc7092e2bde6c3cdd19e24298829bde6adf191b58d792c45873a47c9ea	df36a377d1613394f4ce6c27e9fffb52311eee35e370250e1b1f9ed736ddf245	-rwxrwxr-x	-rwxrwxr-x	0	0	Port existing custom artwork: playing_plane; stock 1.3 content at this path has no intervening vendor change
/usr/resource/litegui/theme1/playing_plane/loop.png	modify	cd076e8972dcc38051847629e5dbafe62e204dec257db10f9ab727a283a94cf7	f3d73dd0572a3948a6aaa8036d811725f3840ca9aeaf5e31b567c8fb56f5ba8e	-rwxrwxr-x	-rwxrwxr-x	0	0	Port existing custom artwork: playing_plane; stock 1.3 content at this path has no intervening vendor change
/usr/resource/litegui/theme1/playing_plane/loop_s.png	add		ccf34cbdc86ea2e5bafb8f679714cd2ca16087535d3e8a8d2e465be81eada4ca		-rw-r--r--	0	0	Port existing custom artwork: playing_plane; stock 1.3 content at this path has no intervening vendor change
/usr/resource/litegui/theme1/playing_plane/order.png	modify	06413058654514eaf6a5920728fd78b534e36d9b7b2e43efb67f45013a5fbb12	ff76f80bf4565351e381da5b37aa3ecb50843fbcace21cad47be1891687bece7	-rwxrwxr-x	-rwxrwxr-x	0	0	Port existing custom artwork: playing_plane; stock 1.3 content at this path has no intervening vendor change
/usr/resource/litegui/theme1/playing_plane/order_s.png	add		ec10cf0ecde6313bc659932ae5f8493636560b0a234365a9cf9dfc895c4d6f64		-rw-r--r--	0	0	Port existing custom artwork: playing_plane; stock 1.3 content at this path has no intervening vendor change
/usr/resource/litegui/theme1/playing_plane/play_cursor.png	add		f5a036750a2da41d197190df728fc8107dd2bef324caec031258c9664081243f		-rw-r--r--	0	0	Port existing custom artwork: playing_plane; stock 1.3 content at this path has no intervening vendor change
/usr/resource/litegui/theme1/playing_plane/play_progress.png	add		f5e9b1140f40a88a6138fad1849321229d3023f3e28cb2e9d85526e062e3c1fe		-rw-r--r--	0	0	Port existing custom artwork: playing_plane; stock 1.3 content at this path has no intervening vendor change
/usr/resource/litegui/theme1/playing_plane/play_progress_bg.png	add		8e4812d9f84c3bb3cede7edbd2dc238e8a74e8fdb40fcd1994ee131c6a698801		-rw-r--r--	0	0	Port existing custom artwork: playing_plane; stock 1.3 content at this path has no intervening vendor change
/usr/resource/litegui/theme1/playing_plane/random.png	modify	ff1385de67f12be9e9441aae8dae273d6e3bce695379fc92098a5715dc90b475	deddcc9bcb08dc0d1ef3d9ce906fe49ae8765d7aca91c251d200ee11ce4598a1	-rwxrwxr-x	-rwxrwxr-x	0	0	Port existing custom artwork: playing_plane; stock 1.3 content at this path has no intervening vendor change
/usr/resource/litegui/theme1/playing_plane/random_s.png	add		06029e994d05eab5d3736bb042670077a90f16801bd5c0aa9a8545c94a13d73d		-rw-r--r--	0	0	Port existing custom artwork: playing_plane; stock 1.3 content at this path has no intervening vendor change
/usr/resource/litegui/theme1/playing_plane/repeater_left_bt.png	modify	ba9d3159b7f1d35bbdf157486e5fc16ce522bfbd5c17ed756ed6db4ac4737aac	d7604a38f5b8029463193e027e74fc204c338fc6a798003394858bb8b3ba9cf5	-rwxrwxr-x	-rwxrwxr-x	0	0	Port existing custom artwork: playing_plane; stock 1.3 content at this path has no intervening vendor change
/usr/resource/litegui/theme1/playing_plane/repeater_left_bt_fous.png	modify	2099ea9977f01d003c5e83b37a753453f6e4b3123f84d68ab62b583cb74c0cb5	eed60d51d3ca1f14015f4eb2b01fb92af44459de35e7d278f6d7e5f947bd1282	-rwxrwxr-x	-rwxrwxr-x	0	0	Port existing custom artwork: playing_plane; stock 1.3 content at this path has no intervening vendor change
/usr/resource/litegui/theme1/playing_plane/repeater_left_flag.png	modify	4858e270bd2e762d4db9ee3af606000d389d602d82e28c5d413fb5aa7f00ddee	a69930c9b44565c5287209085fbf1d4eabce4005b879b22624be36d7445113e2	-rwxrwxr-x	-rwxrwxr-x	0	0	Port existing custom artwork: playing_plane; stock 1.3 content at this path has no intervening vendor change
/usr/resource/litegui/theme1/playing_plane/repeater_plus.png	modify	015365e46d63c9b4a8628a7ae4ce7a096b6a0c024d71b6cf4b40ac2bf7907ded	7b75f8d1c93c10b62bc1c7074ff95dae73e877610be658d6d3b8a5d7a0e7c7d2	-rwxrwxr-x	-rwxrwxr-x	0	0	Port existing custom artwork: playing_plane; stock 1.3 content at this path has no intervening vendor change
/usr/resource/litegui/theme1/playing_plane/repeater_plus_fous.png	modify	f36a5268badb4b12746fa5f1966b839624384fd5c930cd25c94eede227f671f9	5293cc2df38c2c5c167ca1927e6be8fa76d756acf6c223c455ac6cb092baed06	-rwxrwxr-x	-rwxrwxr-x	0	0	Port existing custom artwork: playing_plane; stock 1.3 content at this path has no intervening vendor change
/usr/resource/litegui/theme1/playing_plane/repeater_reduce.png	modify	78a0d20bd947af77be983b6008defa475b24cd506aec67024b2d733c88a4f8d1	41fbe6ad4e63da7d2b0503aee0b9824fd609398b909ce782ab5d3e30411e9696	-rwxrwxr-x	-rwxrwxr-x	0	0	Port existing custom artwork: playing_plane; stock 1.3 content at this path has no intervening vendor change
/usr/resource/litegui/theme1/playing_plane/repeater_reduce_fous.png	modify	321ca732c412b612c3f9bec6068a9f2553703cd5a09cb6d3b3ae41e436191336	7ae7c0d5bd7357cc91365d976567eff9ca51b1c435f797b23bcba696a2f77151	-rwxrwxr-x	-rwxrwxr-x	0	0	Port existing custom artwork: playing_plane; stock 1.3 content at this path has no intervening vendor change
/usr/resource/litegui/theme1/playing_plane/repeater_right_bt.png	modify	33b923e2062f67e92e2c534d829b1f60e01b67f62ddcf37730bb66e374c42f6a	ae7f478e1fb5834682063fabb53a880ea54406ce67aa224de637f39a13ee1e3d	-rwxrwxr-x	-rwxrwxr-x	0	0	Port existing custom artwork: playing_plane; stock 1.3 content at this path has no intervening vendor change
/usr/resource/litegui/theme1/playing_plane/repeater_right_bt_fous.png	modify	45b1c183b1245ab0f7edad71ed53a5c14fe77504d5b58e8de9477fe8709870a1	ae803b33524a9d7cca86b5c2e4c4d889b4700e7f88451545cbb4a5218fe2b657	-rwxrwxr-x	-rwxrwxr-x	0	0	Port existing custom artwork: playing_plane; stock 1.3 content at this path has no intervening vendor change
/usr/resource/litegui/theme1/playing_plane/repeater_right_flag.png	modify	b5952905ca44b2dcbae17faa4402eb46981e9d537751eca75b819af924df9e99	ffd9a51291a4f1f1805b4badbbe541c0b721d0d8a4833fd4e6268cca86430d60	-rwxrwxr-x	-rwxrwxr-x	0	0	Port existing custom artwork: playing_plane; stock 1.3 content at this path has no intervening vendor change
/usr/resource/litegui/theme1/playing_plane/repeater_switch_close.png	modify	6973a0f0c052d2cebf3953f3fd5de4933b0f411a24d0f3428bf4d82c3444c08a	08119fa4d09a20126e943a069f96e9d3d03cd2e49c38b22a2860ed415cda34d9	-rwxrwxr-x	-rwxrwxr-x	0	0	Port existing custom artwork: playing_plane; stock 1.3 content at this path has no intervening vendor change
/usr/resource/litegui/theme1/playing_plane/repeater_switch_open_s.png	add		88a5d7026c007c26353e9e6c8bb871250f93570000bc6d3141295b04231bb5e3		-rw-r--r--	0	0	Port existing custom artwork: playing_plane; stock 1.3 content at this path has no intervening vendor change
/usr/resource/litegui/theme1/playing_plane/single.png	modify	87b621c7f0f423c4cc43c21cbe112c9208633dc28b156907ed5ff635106a5c84	7783c576c8b699242a4f31d34ba9e17f845e40fb361d8b64f70e3decbda119c6	-rwxrwxr-x	-rwxrwxr-x	0	0	Port existing custom artwork: playing_plane; stock 1.3 content at this path has no intervening vendor change
/usr/resource/litegui/theme1/playing_plane/single_s.png	add		729874b9786927c2e239991e63537d536ff809e570d02d475a0241bd910b21ff		-rw-r--r--	0	0	Port existing custom artwork: playing_plane; stock 1.3 content at this path has no intervening vendor change
/usr/resource/litegui/theme1/playing_plane/speed.png	modify	c25449c0c53dacb55331668bc8fbeb07fe06c7631ca1d1e79eece4b97198c17d	041b3d6d9d7b803aa147b5b245f819f3cddf030658812e90a49bdb601e6eaec5	-rwxrwxr-x	-rwxrwxr-x	0	0	Port existing custom artwork: playing_plane; stock 1.3 content at this path has no intervening vendor change
/usr/resource/litegui/theme1/playing_plane/speed_0.5x.png	modify	a8746b381a0d86759dd299050a5fdf520a69fde5517aa0d6a1958eeb8343da4e	39f390755801fe06f3e15e4bf880946f152922809442fc43d8412e5be70ea868	-rwxrwxr-x	-rwxrwxr-x	0	0	Port existing custom artwork: playing_plane; stock 1.3 content at this path has no intervening vendor change
/usr/resource/litegui/theme1/playing_plane/speed_0.75x.png	modify	92f4315bfa6bce58d4d98f8f1af4479289c10df6b75589b89b327b083d82c4b6	914dffdd32dea6aa1961e8a09256e6ebf697423fa05f364d274b2c0321b721fd	-rwxrwxr-x	-rwxrwxr-x	0	0	Port existing custom artwork: playing_plane; stock 1.3 content at this path has no intervening vendor change
/usr/resource/litegui/theme1/playing_plane/speed_1.25x.png	modify	854f083d4834ad96c3a7a3d397495578ab63c059ac5b0e2599785eaa7df77726	7aa58b9ba7782ac70ceb40f0bc9029c6d5e5e1d0c365fc3382b12dd28a7d51b6	-rwxrwxr-x	-rwxrwxr-x	0	0	Port existing custom artwork: playing_plane; stock 1.3 content at this path has no intervening vendor change
/usr/resource/litegui/theme1/playing_plane/speed_1.5x.png	modify	9efe9a3b22a3a891ca8bbc2c2d9e5c24b516c167fb425540d1f68e807b812507	ce73ac5256fdd75e7a4c935dbf90da74a50d7008979bca16bd27666f455a6f1c	-rwxrwxr-x	-rwxrwxr-x	0	0	Port existing custom artwork: playing_plane; stock 1.3 content at this path has no intervening vendor change
/usr/resource/litegui/theme1/playing_plane/speed_2x.png	modify	041f466b7cacfc38ae8fb2111841b28cb1bfe3c677501e07bd0e7a1a4cb1c0f7	efbb73324bbb6da81e7a2723f5b5d899fffcec4a977d79ae4362ce3da66feffa	-rwxrwxr-x	-rwxrwxr-x	0	0	Port existing custom artwork: playing_plane; stock 1.3 content at this path has no intervening vendor change
/usr/resource/litegui/theme1/screensavers/0.png	modify	263fca8d04d47c21639388885a5c43ab4bcf99623faec5f07daf664070f93775	cd159bc26596df7d9931052430324b4585e774c8505f203e3554738209302dcb	-rwxrwxr-x	-rwxrwxr-x	0	0	Port existing custom artwork: screensavers; stock 1.3 content at this path has no intervening vendor change
/usr/resource/litegui/theme1/screensavers/1.png	modify	98fc0d1d057022e1da1e9a97e2ff034e1ee45d2a7b044f8e2d630a570c5dec69	14b91a18d68c8c4ff8ffdab642e1e94a8cf6c7f242bdf1f526abcfbdd73f12ba	-rwxrwxr-x	-rwxrwxr-x	0	0	Port existing custom artwork: screensavers; stock 1.3 content at this path has no intervening vendor change
/usr/resource/litegui/theme1/screensavers/2.png	modify	dfdc574d368c4a1031428821a12aec48d1afdacf36cd841f505cd2780523fe90	b02f86b871ac23f210694b896ee96010a887f3bd9e3af23eb73f0a07c1794bd2	-rwxrwxr-x	-rwxrwxr-x	0	0	Port existing custom artwork: screensavers; stock 1.3 content at this path has no intervening vendor change
/usr/resource/litegui/theme1/screensavers/3.png	modify	b6868782aed7d87b0e23156b6cde7ac758b064d1c3e7a62776709ef520304618	cede21d9c01420c747f384060265089a4787b428688d163152d78d654ce72746	-rwxrwxr-x	-rwxrwxr-x	0	0	Port existing custom artwork: screensavers; stock 1.3 content at this path has no intervening vendor change
/usr/resource/litegui/theme1/screensavers/4.png	modify	8943d1b940876afa7325b344134194864ac1ccfff6b14dd43246f06e47c4fac8	7b7d494359896a2bc3cdf23cbdcfc6cd135ee2d0ffddc99685a93bd671a11d49	-rwxrwxr-x	-rwxrwxr-x	0	0	Port existing custom artwork: screensavers; stock 1.3 content at this path has no intervening vendor change
/usr/resource/litegui/theme1/screensavers/5.png	modify	e391919fd1bd2422ab6a6211d56c5e8fd6ec87dc7ae276d527c2e4624525aee1	55f94954d037624560a6a10b733f5c48dcb73e0090d417ccdaa8c2cd91f9cd74	-rwxrwxr-x	-rwxrwxr-x	0	0	Port existing custom artwork: screensavers; stock 1.3 content at this path has no intervening vendor change
/usr/resource/litegui/theme1/screensavers/6.png	modify	6ba69e54186efb89c24076566e8dc578a32e1076a935f4c0f6ce35003226cacc	421362185cc70c90db6647cf78c1efcd9da308376cce8de49f690d42bb1c1e8b	-rwxrwxr-x	-rwxrwxr-x	0	0	Port existing custom artwork: screensavers; stock 1.3 content at this path has no intervening vendor change
/usr/resource/litegui/theme1/screensavers/7.png	modify	acef338458a712b7e979b5fb782272bdc714f387a730a922406a8832f4a04809	0217fb8fa1104a83ba8fdd7f6e508f1060d84ea1acd7635eb19cb554632de4b0	-rwxrwxr-x	-rwxrwxr-x	0	0	Port existing custom artwork: screensavers; stock 1.3 content at this path has no intervening vendor change
/usr/resource/litegui/theme1/screensavers/8.png	modify	16b118cd2dae97117b9270eb7f6ec73852d56f6b9ae439ad870d02d7df8c6e32	2d1f8fcd1caad5f04ecd5d4e15e40e07bfb3727b7020a207a8e7e1e31c983402	-rwxrwxr-x	-rwxrwxr-x	0	0	Port existing custom artwork: screensavers; stock 1.3 content at this path has no intervening vendor change
/usr/resource/litegui/theme1/screensavers/9.png	modify	5521385d71dd0ef14be00accd02e6c113407d7a0a8db1c058cdf6ed278c0350a	969f5d5a4c97ec17188a39ffca6561bfa8463d8a26941badab49faf85e7ac5a0	-rwxrwxr-x	-rwxrwxr-x	0	0	Port existing custom artwork: screensavers; stock 1.3 content at this path has no intervening vendor change
/usr/resource/litegui/theme1/screensavers/L.png	modify	14db7f862e75e11f1e4bdf9ab0f490340f67dffd1bc22d5e66587787e3f9d883	2d75b0f63c35cbd1e43ad34480f2c35d2d1bc647c5d58902e29731d9fda18fc4	-rwxrwxr-x	-rwxrwxr-x	0	0	Port existing custom artwork: screensavers; stock 1.3 content at this path has no intervening vendor change
/usr/resource/litegui/theme1/screensavers/R.png	modify	14db7f862e75e11f1e4bdf9ab0f490340f67dffd1bc22d5e66587787e3f9d883	8ec5d8a8439759ae8db0d4249ee72edfde3ddf6a44ea5d5e45c51ccbcf64effb	-rwxrwxr-x	-rwxrwxr-x	0	0	Port existing custom artwork: screensavers; stock 1.3 content at this path has no intervening vendor change
/usr/resource/litegui/theme1/screensavers/am.png	modify	fa429a34cedafdda7aa9a2c478795e72c799a5223f69431ca04c3e6abf9553ca	aabdda901b64335866adcbb78af2f2712001b80ed29fa14803fd381d5fd36d6e	-rwxrwxr-x	-rwxrwxr-x	0	0	Port existing custom artwork: screensavers; stock 1.3 content at this path has no intervening vendor change
/usr/resource/litegui/theme1/screensavers/colon.png	modify	fe5c4b36e0934cb532f131773f39f1448161ee64a584aa24c501b1648213b62f	0baa72f185e47e385e20d6fee4b7805c189f4c568d941c908a93cf97b8f48f80	-rwxrwxr-x	-rwxrwxr-x	0	0	Port existing custom artwork: screensavers; stock 1.3 content at this path has no intervening vendor change
/usr/resource/litegui/theme1/screensavers/default_cover.png	add		de5fb1f571f3f8042ee83261b06b9cdc2a6b4b268235091f9bf8d14d2d63e02e		-rw-r--r--	0	0	Port existing custom artwork: screensavers; stock 1.3 content at this path has no intervening vendor change
/usr/resource/litegui/theme1/screensavers/percent.png	modify	14db7f862e75e11f1e4bdf9ab0f490340f67dffd1bc22d5e66587787e3f9d883	28683e72aa0b121837bcf62836dc512c66ef070bd69c7ca7c2b957d1fcbf8cfb	-rwxrwxr-x	-rwxrwxr-x	0	0	Port existing custom artwork: screensavers; stock 1.3 content at this path has no intervening vendor change
/usr/resource/litegui/theme1/screensavers/pm.png	modify	1b807fc696e6ebb9f2d70ee22783fac99ee2644745f252c23a0d8e0239e6beef	ef2a552b7093361061755d52dab15a875467d55f5dcd48b605971ec9fa5ee3bd	-rwxrwxr-x	-rwxrwxr-x	0	0	Port existing custom artwork: screensavers; stock 1.3 content at this path has no intervening vendor change
/usr/resource/litegui/theme1/screensavers/slash.png	modify	14db7f862e75e11f1e4bdf9ab0f490340f67dffd1bc22d5e66587787e3f9d883	28774e11d084b6b6a574a28867526f01f8184a2c17c756090446f7c222ddf066	-rwxrwxr-x	-rwxrwxr-x	0	0	Port existing custom artwork: screensavers; stock 1.3 content at this path has no intervening vendor change
/usr/resource/litegui/theme1/settings/color_icon.png	modify	e0f0c9375bb7d17222e8eb12f86a97b881d845717fac52170238b2107a4c6a78	63c19da364817ee5018d44894f52de7d78c4c9a2249e543ec8873a76df220297	-rwxrwxr-x	-rwxrwxr-x	0	0	Port existing custom artwork: settings; stock 1.3 content at this path has no intervening vendor change
/usr/resource/litegui/theme1/settings/cursor.png	modify	be467c498961feb19ef1cc59c50ad29e9cce389c8f785888e84e159a56b989e4	a0aba0ce57b6f63c489a1b031796aa0bce71a4b912efbbeb5d276d0a7daa4899	-rwxrwxr-x	-rwxrwxr-x	0	0	Port existing custom artwork: settings; stock 1.3 content at this path has no intervening vendor change
/usr/resource/litegui/theme1/settings/gain_high.png	modify	13a65c45915b4ac296c7fc50d565c6d89cf1216de8b9408419d9057a2c85b2c8	be8fba791a8927c34aa471fc8e69e9d64c3c4d7d1d39bec4f16220db56976cef	-rwxrwxr-x	-rwxrwxr-x	0	0	Port existing custom artwork: settings; stock 1.3 content at this path has no intervening vendor change
/usr/resource/litegui/theme1/settings/gain_low.png	modify	046b9339785a80a8b7e3d7cd9271db4baf8ef10d31855a1c2c6b653fd45b5002	cd72aa20fc5181f7be8c7e8ef84e43d178bfd067668758f116e7cac8071e7d06	-rwxrwxr-x	-rwxrwxr-x	0	0	Port existing custom artwork: settings; stock 1.3 content at this path has no intervening vendor change
/usr/resource/litegui/theme1/settings/gain_mid.png	modify	5c1e41e74d596e1c1b8ed6e646f1227b8c0f00968ea6f76a6b2a438e07dba6ef	8fbd2c3748e7fc559e9051ee683d6436c2c5687bd79eedef4885d6ac88a9fced	-rw-rw-r--	-rw-rw-r--	0	0	Port existing custom artwork: settings; stock 1.3 content at this path has no intervening vendor change
/usr/resource/litegui/theme1/settings/lo.png	modify	4f4e087d3934db3907771580400f6874609aea6ae9e27172bbd8fd3810ac0c5c	e3aa7182ff15e1ec95bae43315a28c98482b9bf9f3c65eeaaf036cc2d0738454	-rwxrwxr-x	-rwxrwxr-x	0	0	Port existing custom artwork: settings; stock 1.3 content at this path has no intervening vendor change
/usr/resource/litegui/theme1/settings/off.png	modify	34e6691db3d22f27171a6acd05ce998a125ba8710e3ac4bf0fc6e024a58100dd	f6a57a3d77eac2e22ec3a95552f54fc971a80b846b4df0305d682dad56400691	-rwxrwxr-x	-rwxrwxr-x	0	0	Port existing custom artwork: settings; stock 1.3 content at this path has no intervening vendor change
/usr/resource/litegui/theme1/settings/on.png	modify	edcae7348dc663d6afc583647c21fd36f98a991c2634d15d2eeb8bcc5c90c352	eb556d78be8eba0ccbe1e6aefd29bd0038a1e66748df5abc6bcee7ac27399658	-rwxrwxr-x	-rwxrwxr-x	0	0	Port existing custom artwork: settings; stock 1.3 content at this path has no intervening vendor change
/usr/resource/litegui/theme1/settings/po.png	modify	5e84a0308bdbf5cd1dce2f1299d69a9c12770e82e3efa41477c6f1eabca92b73	feb2654c8719f02231c077fa2a932a3b9176938ac7d11ba3b96998a8dcb13956	-rwxrwxr-x	-rwxrwxr-x	0	0	Port existing custom artwork: settings; stock 1.3 content at this path has no intervening vendor change
/usr/resource/litegui/theme1/settings/progress.png	modify	d19d563a6f34209920390c704aa3cce5e989f8d3c2ff6e1655b908fc5caee76f	d4f67dcb3a169706a094b0c046cc2139647c73beaf5a3eb339e62a9301bdf06f	-rwxrwxr-x	-rwxrwxr-x	0	0	Port existing custom artwork: settings; stock 1.3 content at this path has no intervening vendor change
/usr/resource/litegui/theme1/step/day.png	modify	130059f2bc6135f196acc4084ee80befef9cab2179daac6e09196a997ee532ef	b7147d84f3ae43e1ef45777f8d30efff59cd5296547e49e1f4b6adc18c20faf1	-rwxrwxr-x	-rwxrwxr-x	0	0	Port existing custom artwork: step; stock 1.3 content at this path has no intervening vendor change
/usr/resource/litegui/theme1/step/month.png	modify	329f63c4dff725fc9a220fa9c1188aa9aa1781290011d0bf3829cd46c4a9cb03	f6df4771681a7ec473ec1ffeea0352cc72c533bdd71a92c72227c5bef5fb5f3a	-rwxrwxr-x	-rwxrwxr-x	0	0	Port existing custom artwork: step; stock 1.3 content at this path has no intervening vendor change
/usr/resource/litegui/theme1/step/year.png	modify	0a4b19ad67c55b58bdaaf69603ac008d413a1aae643528f07d1444d921d2636e	c8df1a1ccec8bf59c7b81f56a143e7e0c515a780cf7ec95b086be9a44800771c	-rwxrwxr-x	-rwxrwxr-x	0	0	Port existing custom artwork: step; stock 1.3 content at this path has no intervening vendor change
/usr/resource/litegui/theme1/stream_media/qobuz.png	modify	81be32fc9abb0808725b8c185c231e69262a581a2f7620a8fcb921f658a8995b	45ac89af2af4356475b8f541b0fdf36c1a6e1b8db52072caeb3777e823f481a4	-rwxrwxr-x	-rwxrwxr-x	0	0	Port existing custom artwork: stream_media; stock 1.3 content at this path has no intervening vendor change
/usr/resource/litegui/theme1/stream_media/qobuz_s.png	modify	d1d8b6d2ea3b508431dee7663bc5ccf839f2dd465586f4e7be70aef6d4f196b3	bf6315036a8ac1961e61949ca5d8ffafd2bca1d66434562a41a33a9c5e7bb235	-rwxrwxr-x	-rwxrwxr-x	0	0	Port existing custom artwork: stream_media; stock 1.3 content at this path has no intervening vendor change
/usr/resource/litegui/theme1/stream_media/radio.png	modify	345b682111ad2a99d96fecb9bc6ca9a98bac52e96d3985c2c4b6e812a87f351e	91840b87596c5072e3984ca0f3c5f8587032ee49cb3c606f8a839a4151118c19	-rwxrwxr-x	-rwxrwxr-x	0	0	Port existing custom artwork: stream_media; stock 1.3 content at this path has no intervening vendor change
/usr/resource/litegui/theme1/stream_media/radio_s.png	modify	8391c15438c704b074902f06ce5d15bb73955b9e3d9b10c9467fa6b3622b1b1b	5f38935f41b4f6a82e62165e4bbb93487825b04cc7b1e0dc41d2ba0993015392	-rwxrwxr-x	-rwxrwxr-x	0	0	Port existing custom artwork: stream_media; stock 1.3 content at this path has no intervening vendor change
/usr/resource/litegui/theme1/stream_media/tidal.png	modify	cfac14533a3eb76e7b1348cd90def1540a7ed02f3f2880886a00ec4e277802b9	0b4eae571f8ee1972d94f191100141a07b9d4396de37ff8abe3d5490cc617cc5	-rwxrwxr-x	-rwxrwxr-x	0	0	Port existing custom artwork: stream_media; stock 1.3 content at this path has no intervening vendor change
/usr/resource/litegui/theme1/stream_media/tidal_s.png	modify	5231f1e0bfd4be2d9e9832d22682389e37a0334c7b579df505770387bfe6c77d	48cb2c6d8fee988060ad618f2b45d87488cbfcc5bfde946f95f37b74c4b73251	-rwxrwxr-x	-rwxrwxr-x	0	0	Port existing custom artwork: stream_media; stock 1.3 content at this path has no intervening vendor change
/usr/resource/litegui/theme1/sub_back/btn_back.png	modify	7f9389f8fec3046679a39629780b17d39c983388556d05ea2fd0d5fecd0522c5	1224d2f2a19c602e61ad9a330b081d989ba7aa59c50e85a2b4433dc92542c3a5	-rwxrwxr-x	-rwxrwxr-x	0	0	Port existing custom artwork: sub_back; stock 1.3 content at this path has no intervening vendor change
/usr/resource/litegui/theme1/sub_back/btn_back_s.png	modify	b154b9dc279edc45007a57be0fbea11f7ba4c6bac5584b66ae54a2a8cd46df7b	e76b21a51c11c602c52beac990466933e3f3c0bb1e757206ccf7788db38f106b	-rwxrwxr-x	-rwxrwxr-x	0	0	Port existing custom artwork: sub_back; stock 1.3 content at this path has no intervening vendor change
/usr/resource/litegui/theme1/sub_back/btn_back_w.png	add		1224d2f2a19c602e61ad9a330b081d989ba7aa59c50e85a2b4433dc92542c3a5		-rw-r--r--	0	0	Port existing custom artwork: sub_back; stock 1.3 content at this path has no intervening vendor change
/usr/resource/litegui/theme1/sub_back/btn_collect.png	modify	162c910e11e6c3c533c318dd0da4c836e25747d66cbb3e6ddad31dabb575ef82	25294b5a4795527381a6020dbf32353b01e83de310f07e6d7e5a6f4ac713c87d	-rwxrwxr-x	-rwxrwxr-x	0	0	Port existing custom artwork: sub_back; stock 1.3 content at this path has no intervening vendor change
/usr/resource/litegui/theme1/sub_back/btn_collect_s.png	modify	fe1dbd113b82cb82294e4c0887c4c9bb8483d3638af4d56b096521298f4e8f28	ed493d13612dfb9ea4057529fec2cec82fb3e390b358118200a2f215eb3cb08e	-rwxrwxr-x	-rwxrwxr-x	0	0	Port existing custom artwork: sub_back; stock 1.3 content at this path has no intervening vendor change
/usr/resource/litegui/theme1/sub_back/btn_playlist.png	modify	d383d8e24fadd84213a89f280c784773dc367a75995d5ec9de6bd540f35d1a1b	77e61d9b2aaa260e0f61705ab840c14f952104f315b1e430bb58b58d2056af40	-rwxrwxr-x	-rwxrwxr-x	0	0	Port existing custom artwork: sub_back; stock 1.3 content at this path has no intervening vendor change
/usr/resource/litegui/theme1/sub_back/btn_search.png	modify	990d493b8521dd209e8394fbc344aa00c581fafe97e3836077c0223abdb1fdbe	6c487c86275d4296b52fbc9701fb373436aaac1ace576b699e694340f54acada	-rwxrwxr-x	-rwxrwxr-x	0	0	Port existing custom artwork: sub_back; stock 1.3 content at this path has no intervening vendor change
/usr/resource/litegui/theme1/sub_back/btn_search_s.png	modify	8b6b0c239793843409d8f7d5498df3e31f114d67c51f2590f1abc9eb07651fd0	5d9a6653d3ebce1c4e8d53eab01b7acea40b7fdc188df5deec8accba78dfc52b	-rwxrwxr-x	-rwxrwxr-x	0	0	Port existing custom artwork: sub_back; stock 1.3 content at this path has no intervening vendor change
/usr/resource/litegui/theme1/sub_back/btn_songlist.png	modify	edeb18722b712d0b74918047cc590758837b1b5f447d0f0ae18be7b15f334882	a7e1e2c94c1a8ad77692a1bebd49bd5890f81070b52c73afd23c620e17512244	-rwxrwxr-x	-rwxrwxr-x	0	0	Port existing custom artwork: sub_back; stock 1.3 content at this path has no intervening vendor change
/usr/resource/litegui/theme1/sub_back/close.png	modify	5f654bded329a01df8ec644f90830c7ad1fa1f144062f08d44a1a5daf047f254	1c1b0c3b9f0e8d0bbe795f0ce223300369ba2bb997a4a783eaee28010b87b8a4	-rwxrwxr-x	-rwxrwxr-x	0	0	Port existing custom artwork: sub_back; stock 1.3 content at this path has no intervening vendor change
/usr/resource/litegui/theme1/sub_back/close_s.png	modify	dfda3e9cbe85116e0a08eb7e07828b00ef9d65199aad6e0ca89fc6d142137621	db1be625056174db81458d633d01fd7011afd998a0aef76c5dc4957244b94104	-rwxrwxr-x	-rwxrwxr-x	0	0	Port existing custom artwork: sub_back; stock 1.3 content at this path has no intervening vendor change
/usr/resource/litegui/theme1/sub_back/delete.png	modify	9b7e7d2e0849747e14fcbbd204c4dca0847ba7df45d55af907c597180412c3b2	9eb3ebc90d1a8cccf573a11c087d58bae084584704c075d690bea7b7da8aeba9	-rw-rw-r--	-rw-rw-r--	0	0	Port existing custom artwork: sub_back; stock 1.3 content at this path has no intervening vendor change
/usr/resource/litegui/theme1/sub_back/delete_s.png	modify	4e16fcdbd8a51c45329e01914602f7c5a69eb63205fbbe13915e777e6c8a53d1	fa9069fc1cfb32cc202e3b9bcd2aabc64e41eda42ea98a38acb2aa68d9e4f0b7	-rw-rw-r--	-rw-rw-r--	0	0	Port existing custom artwork: sub_back; stock 1.3 content at this path has no intervening vendor change
/usr/resource/litegui/theme1/sub_back/ic_folder.png	modify	7b52271addd0420036ca0594ba884bebddaea45f671c512d8a26e3e3bd9b5050	b05c0b75e704ed91066bd4df7715ed30a5f1d02b6519cc1eae46d09a861fb847	-rwxrwxr-x	-rwxrwxr-x	0	0	Port existing custom artwork: sub_back; stock 1.3 content at this path has no intervening vendor change
/usr/resource/litegui/theme1/sub_back/set.png	modify	e0f5097e9322b369dad96d9b4df2e973fba53d9b593e20b0b2900d9d0dd865db	84956ec27ca229c0735e8d096e9261c1dccb03fd94afd7d23a3bae6193d3ffb4	-rwxrwxr-x	-rwxrwxr-x	0	0	Port existing custom artwork: sub_back; stock 1.3 content at this path has no intervening vendor change
/usr/resource/litegui/theme1/sub_back/set_s.png	modify	208e505e2eb3521062c639d597886782aeaf844717474212f241956d54b03105	6dd8b307c3a0a5eb95779322418fad9d3ffd1592b3ad0bbf4aeb02a7002af600	-rwxrwxr-x	-rwxrwxr-x	0	0	Port existing custom artwork: sub_back; stock 1.3 content at this path has no intervening vendor change
/usr/resource/litegui/theme1/sub_back/to_play.png	modify	2f52d6b60fac6a3e268fe776795d69ae555f8802d47d71dbdbff485d46acca7c	a9dcb6d385ec187228a51e10ced75077a9d08d9173175ba88ed98106bbab2998	-rwxrwxr-x	-rwxrwxr-x	0	0	Port existing custom artwork: sub_back; stock 1.3 content at this path has no intervening vendor change
/usr/resource/litegui/theme1/sub_back/to_play_s.png	modify	ec7138cc650467f5d3012f7210dbc7a9ce34fb97a0f5800d5ae1adf792d2a83c	cda23b4026636ae34cc8fd1bb356f7d828c830a6877ba9230c516dd0581ebff9	-rwxrwxr-x	-rwxrwxr-x	0	0	Port existing custom artwork: sub_back; stock 1.3 content at this path has no intervening vendor change
/usr/resource/litegui/theme1/sub_back/to_top.png	modify	3688b9c8bb2d78fe115bfd7864b02d2744ed5dc9cce84ca5f8c003188899ec0b	0043d3a1023f4fcae089c844284e2a94b127cc2e84151d1d3a7e2088dcffad29	-rwxrwxr-x	-rwxrwxr-x	0	0	Port existing custom artwork: sub_back; stock 1.3 content at this path has no intervening vendor change
/usr/resource/litegui/theme1/sub_back/to_top_s.png	modify	bc23cd169b4e64e2f0854e3795f84f891933034ef5105fca31acae46a7f7272a	1f8f47e26d2a620f3fb29b79a1b6e9877904d5969ebd3ab8b213551fbba2f3ba	-rwxrwxr-x	-rwxrwxr-x	0	0	Port existing custom artwork: sub_back; stock 1.3 content at this path has no intervening vendor change
/usr/resource/litegui/theme1/sub_back/tv_bg.png	add		a5abdc97e0950445b37e46f90e9d33fe91ff9a0004c1a9d76a76a9972e6ef461		-rw-r--r--	0	0	Port existing custom artwork: sub_back; stock 1.3 content at this path has no intervening vendor change
/usr/resource/litegui/theme1/topbar/-.png	modify	89bd883adb401b97c34a56e01b9d810334cc7267c9c83abb29660adc1ae9dd9d	1a4335f9d2b151d73d8fab5bd061472cbb2db7768c87c38ef199c280a86538c3	-rwxrwxr-x	-rwxrwxr-x	0	0	Port existing custom artwork: topbar; stock 1.3 content at this path has no intervening vendor change
/usr/resource/litegui/theme1/topbar/0.png	modify	e0e38baf448d1e32fef5f16a77d684a770e0ead29aff7dc25762064049a23d28	7c30395b4ee3af7ee2ce7a24caf8de17a000433444660ad935e57c39e7c31848	-rwxrwxr-x	-rwxrwxr-x	0	0	Port existing custom artwork: topbar; stock 1.3 content at this path has no intervening vendor change
/usr/resource/litegui/theme1/topbar/0r.png	modify	030b98b711dd658de6cae4a87e335de123c60d04777500c486a65c31ded49d8f	1d406e6199177932718b2a54a04cf408460b3f0aa90653c7fc66bb9e41466b88	-rw-rw-r--	-rw-rw-r--	0	0	Port existing custom artwork: topbar; stock 1.3 content at this path has no intervening vendor change
/usr/resource/litegui/theme1/topbar/1.png	modify	cbe8afbd995cd45c1f502d35f03ed070927e5b5567c240b6eec34ecebef34406	bab37b89913499dce8372f13694165827f09c5f72c9a3750b4c5bed3411aeec4	-rwxrwxr-x	-rwxrwxr-x	0	0	Port existing custom artwork: topbar; stock 1.3 content at this path has no intervening vendor change
/usr/resource/litegui/theme1/topbar/1r.png	modify	34bdba8c817d06b5e9658970c03367a5bb0096f6e0a17d6148698d85a2581eed	4b6d95eba526e4ee068122674e13f27eb16e45878213e2989e97edc9e42985ed	-rw-rw-r--	-rw-rw-r--	0	0	Port existing custom artwork: topbar; stock 1.3 content at this path has no intervening vendor change
/usr/resource/litegui/theme1/topbar/2.png	modify	f31c9810ed15a5d9ec55e75f42c6e2ca0fe5c168a0183f075aac594357163e84	875f3262fef20b005ab05c098e3f8cfbb9ae1ce04b368fca6699f4c346d9474b	-rwxrwxr-x	-rwxrwxr-x	0	0	Port existing custom artwork: topbar; stock 1.3 content at this path has no intervening vendor change
/usr/resource/litegui/theme1/topbar/2r.png	modify	2321e779af9e32503e765eff35bf8b07da3c57f5751e498b4aa43c8375538aa9	8c932b46f119dfe98350a7edb52a132c5e8bafaa0d2636cb8a721e7fb0c4f446	-rw-rw-r--	-rw-rw-r--	0	0	Port existing custom artwork: topbar; stock 1.3 content at this path has no intervening vendor change
/usr/resource/litegui/theme1/topbar/3.png	modify	5be1880bf5f581f8df4b2b846258657d27b7a6fd775bf82f29258a1aed080b35	573b01965d0e1774e834e9851aca4d7cfda7772f1a83711948727e0f9d18b8a6	-rwxrwxr-x	-rwxrwxr-x	0	0	Port existing custom artwork: topbar; stock 1.3 content at this path has no intervening vendor change
/usr/resource/litegui/theme1/topbar/3r.png	modify	f106cc59ff990b79b1037bdc4b9e359984602dd0ce659635b34a8909c40886dd	6e8ee4f812bbeed887b92e80004dada871efa326cb8f308d64e8b00f80fd398f	-rw-rw-r--	-rw-rw-r--	0	0	Port existing custom artwork: topbar; stock 1.3 content at this path has no intervening vendor change
/usr/resource/litegui/theme1/topbar/4.png	modify	ab93e146aabe921b71e47f6de59bdd97bdb66d86142e5500d4a620d94a83f100	9e55492d2d39c5fd64766d7506b5af3cd9e7982241b72fa16182c9009b1513e9	-rwxrwxr-x	-rwxrwxr-x	0	0	Port existing custom artwork: topbar; stock 1.3 content at this path has no intervening vendor change
/usr/resource/litegui/theme1/topbar/4r.png	modify	f6ff2462ee704c6535a12bfc353ce7e6fc19547cebd9d31b83284ca7e916c4c3	f8700754aa13df806e962a4dbbc3205df768eadea7dbc04807e7d2e9e78b6f96	-rw-rw-r--	-rw-rw-r--	0	0	Port existing custom artwork: topbar; stock 1.3 content at this path has no intervening vendor change
/usr/resource/litegui/theme1/topbar/5.png	modify	995cb373f60d29bf367e78ac2388a742923fc8e365640a2b732c273a02a816d8	61c11de43c2d4ec75ddcf062d3952854e2ab2675466525daa28428a3a567a328	-rwxrwxr-x	-rwxrwxr-x	0	0	Port existing custom artwork: topbar; stock 1.3 content at this path has no intervening vendor change
/usr/resource/litegui/theme1/topbar/5r.png	modify	a030780fbe0befc0c680e22f310b217482ef37655cd7755ae3d882546751bef5	125086153fa1ae7617e2f2016224f935c9590f83e16b5d2246255e5ac675a10d	-rw-rw-r--	-rw-rw-r--	0	0	Port existing custom artwork: topbar; stock 1.3 content at this path has no intervening vendor change
/usr/resource/litegui/theme1/topbar/6.png	modify	c85e77351e35ac5efc4056ef4a2940907021e09d86ddad168e6fd15befc73773	ac1450e1181f5d3cf8253ebff2b221e465b6c14cbc8eb42a213f85709b9b6efd	-rwxrwxr-x	-rwxrwxr-x	0	0	Port existing custom artwork: topbar; stock 1.3 content at this path has no intervening vendor change
/usr/resource/litegui/theme1/topbar/6r.png	modify	977590b94b3cf67fd407bee0296c3531fe81249647ebf2d342b046e9f5a6cd0a	a6f6fddac1d806e4613489849a66367f7cec6fa94e582ef6b6fe5b2f154f35b6	-rw-rw-r--	-rw-rw-r--	0	0	Port existing custom artwork: topbar; stock 1.3 content at this path has no intervening vendor change
/usr/resource/litegui/theme1/topbar/7.png	modify	8fc74467e564217771d5418a43653ad485af9fb741a81b07a483a7751e7ccb10	47526b0b84626d722dde4c75fcb61f2fceaf404b784d5aa78494c74cde921834	-rwxrwxr-x	-rwxrwxr-x	0	0	Port existing custom artwork: topbar; stock 1.3 content at this path has no intervening vendor change
/usr/resource/litegui/theme1/topbar/7r.png	modify	ea6d2e537fbac4e1fca631aead306ad817087de35f2c91fe0ac5d817037295f4	fd1a7eb03223a31e0adca85986d1501d78bb78c7c818b3c430cb8d15f6e4e0d2	-rw-rw-r--	-rw-rw-r--	0	0	Port existing custom artwork: topbar; stock 1.3 content at this path has no intervening vendor change
/usr/resource/litegui/theme1/topbar/8.png	modify	760d702ce37d4d1414fea9bcd7d3f72de40e7dd2b5aba90fb6a192e300dd5aa5	7761a6a67939c90d83ad17cf447ae719658f4c67afc6889e350c6dd1834d38a7	-rwxrwxr-x	-rwxrwxr-x	0	0	Port existing custom artwork: topbar; stock 1.3 content at this path has no intervening vendor change
/usr/resource/litegui/theme1/topbar/8r.png	modify	07f7b5d314b4ecf3f59e9892b50fe4651b42fcb6680a196715b94508e60ed33f	84f50eee1b8d41f802dac7c76f05067690c0f0e134e2503b04115ea283726d05	-rw-rw-r--	-rw-rw-r--	0	0	Port existing custom artwork: topbar; stock 1.3 content at this path has no intervening vendor change
/usr/resource/litegui/theme1/topbar/9.png	modify	c2620145963e446711f71ecacc44527441c2fb3e472ef48ecf5cef97cc135fae	fe98d344322bcbd5dc4da0f6428736b43b9a524f1a27ae33b0b52bd90586a35e	-rwxrwxr-x	-rwxrwxr-x	0	0	Port existing custom artwork: topbar; stock 1.3 content at this path has no intervening vendor change
/usr/resource/litegui/theme1/topbar/9r.png	modify	7003fb41ddc7e5b2a87101310a25bd231cdb3c8911efe2184c4a465d36d70e59	13065d4200f8b78d96424bc5be96ae6eba614e5d3ae0159939fc69af912c1636	-rw-rw-r--	-rw-rw-r--	0	0	Port existing custom artwork: topbar; stock 1.3 content at this path has no intervening vendor change
/usr/resource/litegui/theme1/topbar/L.png	modify	b7a7a1566448ffb5ef73c6dae16ab23938c76100ae242c4ec0cee8c0ad4fed55	f76ee3402ccf0cc15d5c3485ba65df224869e757e8974a8088ac8b9d1d3c2d74	-rwxrwxr-x	-rwxrwxr-x	0	0	Port existing custom artwork: topbar; stock 1.3 content at this path has no intervening vendor change
/usr/resource/litegui/theme1/topbar/R.png	modify	d9f18b8c5d169608c1e9ae6c03d1b0b1caec938ad8a9a76b6643030c121b839e	d04d94641514f77ede1f54b95515add5d0c5c62de3fbdc40f9c67e98816f0cb8	-rwxrwxr-x	-rwxrwxr-x	0	0	Port existing custom artwork: topbar; stock 1.3 content at this path has no intervening vendor change
/usr/resource/litegui/theme1/topbar/a2dp.png	modify	a5bb1b8233bb6814968b90070d1a7ebd5761b6e767e12d6b2c1943c843d429c6	121b15a78eafcc0077655a08126e5876cd34c365b3f7b3e03bdda6d6b11bb295	-rwxrwxr-x	-rwxrwxr-x	0	0	Port existing custom artwork: topbar; stock 1.3 content at this path has no intervening vendor change
/usr/resource/litegui/theme1/topbar/aac.png	modify	7fed8ab4ecce9b170eadfa1658c12aedf54dfd9f382c3ee2304194d47abf5211	8341ba492347d3085c5ea54057100c29b7d2efaeeb6d3b1e4e71502e66b44ef3	-rwxrwxr-x	-rwxrwxr-x	0	0	Port existing custom artwork: topbar; stock 1.3 content at this path has no intervening vendor change
/usr/resource/litegui/theme1/topbar/adb.png	modify	76ab77684c6f017326f6b13a25f035c9a1217d27370c024855753f3c7d74a788	b3ac213bd8efb7f16d8491e0f966841482657befd3b8596b5fe35d89eafd7733	-rwxrwxr-x	-rwxrwxr-x	0	0	Port existing custom artwork: topbar; stock 1.3 content at this path has no intervening vendor change
/usr/resource/litegui/theme1/topbar/am.png	modify	dfe5855724a367a8416e5bd636a3b886bae3f30243a7a6f0f96589213f936e34	54b0fa4746ab0f350a7bd9c862a4ab56aab2182eeefe9de5bc1fefb776caf1fb	-rwxrwxr-x	-rwxrwxr-x	0	0	Port existing custom artwork: topbar; stock 1.3 content at this path has no intervening vendor change
/usr/resource/litegui/theme1/topbar/aptx.png	modify	2b7843609c4fa75674ba8510d6e82ca159004b957cbc8f0cd284a3e442b33878	51f778606493b6ff5e3b9872f5cec30317806fd5c7e0ae3d2763e318949e8036	-rwxrwxr-x	-rwxrwxr-x	0	0	Port existing custom artwork: topbar; stock 1.3 content at this path has no intervening vendor change
/usr/resource/litegui/theme1/topbar/aptx_hd.png	modify	2b7843609c4fa75674ba8510d6e82ca159004b957cbc8f0cd284a3e442b33878	51f778606493b6ff5e3b9872f5cec30317806fd5c7e0ae3d2763e318949e8036	-rwxrwxr-x	-rwxrwxr-x	0	0	Port existing custom artwork: topbar; stock 1.3 content at this path has no intervening vendor change
/usr/resource/litegui/theme1/topbar/balance.png	modify	6f13bc2a341d805c2800887b002598b27f0f331399f0601f3bca00c4196d4aec	3e75eb362b3f2b43005b8a849efff15facd1ab67fcd85d562b21884fb3f36645	-rwxrwxr-x	-rwxrwxr-x	0	0	Port existing custom artwork: topbar; stock 1.3 content at this path has no intervening vendor change
/usr/resource/litegui/theme1/topbar/battery.png	modify	2367bf7122687d735a92a1ad33fd76feecf68991037a4bcc210816aebe5e0264	d8afb1a1185a9dfcde17a04c6d4b61a83f90dc732f385166c1bb59eb5b832b19	-rwxrwxr-x	-rwxrwxr-x	0	0	Port existing custom artwork: topbar; stock 1.3 content at this path has no intervening vendor change
/usr/resource/litegui/theme1/topbar/battery_bg.png	modify	dd3641948718839ab5eedb2b34ab01b47db44dc46e792285cf2ef207a0a69872	76b164724bd1062dd5704fdecfe8d3fe103c262f6712632f0cfa912247b31245	-rwxrwxr-x	-rwxrwxr-x	0	0	Port existing custom artwork: topbar; stock 1.3 content at this path has no intervening vendor change
/usr/resource/litegui/theme1/topbar/battery_charge.png	add		5df760848c7b31d1761fef85e0d6d65a6c483a0013ae6e4ebe8142dae15f93c7		-rw-r--r--	0	0	Port existing custom artwork: topbar; stock 1.3 content at this path has no intervening vendor change
/usr/resource/litegui/theme1/topbar/battery_charge_bg.png	modify	4c2ba1c5a1355abbb971b5f18d6fe062e08248f11e586cbb592005dee0dc9fc9	e8bbe939457b463588b204cfd32a1ee880fa5c2c4a563e0961eaed87412a6e0b	-rwxrwxr-x	-rwxrwxr-x	0	0	Port existing custom artwork: topbar; stock 1.3 content at this path has no intervening vendor change
/usr/resource/litegui/theme1/topbar/battery_empty.png	add		bbe031c0a4b2e1c2ee12ce347000809d3da687f02d107c873ec0375cb90a6f5b		-rw-r--r--	0	0	Port existing custom artwork: topbar; stock 1.3 content at this path has no intervening vendor change
/usr/resource/litegui/theme1/topbar/battery_fill.png	add		8f4fd9ecfb42afcb9f955dd6f3e8af6386a8fafe2a6145d7ea01e9da5ebb8f79		-rw-r--r--	0	0	Port existing custom artwork: topbar; stock 1.3 content at this path has no intervening vendor change
/usr/resource/litegui/theme1/topbar/battery_low.png	add		b05d4f858fefdee3fd87f2c81e0b8249649443305c87ed205ed688f894ab1fb8		-rw-r--r--	0	0	Port existing custom artwork: topbar; stock 1.3 content at this path has no intervening vendor change
/usr/resource/litegui/theme1/topbar/battery_low_bg.png	modify	b6c7071c8323cd5b59637e4e863d1f58636baf6cba457fe7a661bfaba1fa8cd9	f79e3d6a7654f7ad8614234df06b7317e514bf24ca1949a87ec5c0e2884c7803	-rwxrwxr-x	-rwxrwxr-x	0	0	Port existing custom artwork: topbar; stock 1.3 content at this path has no intervening vendor change
/usr/resource/litegui/theme1/topbar/bluetooth.png	modify	dc8a753d411cb5b3c5c550d03ae81253f669d891ebb38b91428de7a9c30139d2	58b66cbe6b34b22ff3884eaaca69129344b5a6b990ac5ff337e20427088c5651	-rwxrwxr-x	-rwxrwxr-x	0	0	Port existing custom artwork: topbar; stock 1.3 content at this path has no intervening vendor change
/usr/resource/litegui/theme1/topbar/bluetooth_unconnect.png	modify	10aa92a1bc0281a9150aba54d590db91ae314ddfa1e3bcd62a9ee1164e285b0f	f1b9fd76dee950f38b8e0f3813143069c4b4eedb6e0d706a97537ea9b2a496bd	-rwxrwxr-x	-rwxrwxr-x	0	0	Port existing custom artwork: topbar; stock 1.3 content at this path has no intervening vendor change
/usr/resource/litegui/theme1/topbar/chage_lock.png	modify	e5c98b1cd03e8f53dfa40245a98b5e21385e44ebac5da8dc0d91aabc11aaeb21	0337c5c14090c7ae5f4d50630a9e03ac32e67a2ee5f4768020ac95fd7c5d499a	-rwxrwxr-x	-rwxrwxr-x	0	0	Port existing custom artwork: topbar; stock 1.3 content at this path has no intervening vendor change
/usr/resource/litegui/theme1/topbar/colon.png	modify	bd840177394697ae73096154a9c6b9a30d48fd821d08adf3a37d0ce4fd5f0f1b	954be0762248e599173bf7a4f4bd8c9b2c2a934e48e42cf3676e85df41b8fb9f	-rwxrwxr-x	-rwxrwxr-x	0	0	Port existing custom artwork: topbar; stock 1.3 content at this path has no intervening vendor change
/usr/resource/litegui/theme1/topbar/hl_connect.png	modify	ca1aab02d70e3ad0324cc8a013e8cf2aa320072a32e436872b7a6a046088845d	81966d614282548353b564fc4f92fa7450bd7889308bd7b95d9c0a441f74ecce	-rwxrwxr-x	-rwxrwxr-x	0	0	Port existing custom artwork: topbar; stock 1.3 content at this path has no intervening vendor change
/usr/resource/litegui/theme1/topbar/hl_disconnect.png	modify	4b4166751ce1219fd2060115db470cbd10e25b38c277c651df5c20effc448273	b256b49491c8d8b7b21920433d5415d86a95c1295ab7803d004aadf6679c4b27	-rwxrwxr-x	-rwxrwxr-x	0	0	Port existing custom artwork: topbar; stock 1.3 content at this path has no intervening vendor change
/usr/resource/litegui/theme1/topbar/ldac.png	modify	ab92f8143554714758a9f1ed24da6aca7fd1ba2b7d7e511e04d6058a514fa217	df17fba64b3efea3b1dd954cffde991aba73a9d8f726ff8d34615d4fcce25084	-rwxrwxr-x	-rwxrwxr-x	0	0	Port existing custom artwork: topbar; stock 1.3 content at this path has no intervening vendor change
/usr/resource/litegui/theme1/topbar/lo.png	modify	faa2fa31d484eaab684d794f7733b558bcefce0da9f13d0dc0726dbffcdac381	9e033f3abed7438500d78dfb0da1db77e90ac81ffc2c94809358337a7c35e666	-rwxrwxr-x	-rwxrwxr-x	0	0	Port existing custom artwork: topbar; stock 1.3 content at this path has no intervening vendor change
/usr/resource/litegui/theme1/topbar/pause.png	modify	f8a7a88f09f4a43482a028f45723c5feb5ac08536349e55758f1f143b823458e	93dfec16012fa1b27d89444dfbf962c66fcfcf33e6245d7bff9082a110560839	-rwxrwxr-x	-rwxrwxr-x	0	0	Port existing custom artwork: topbar; stock 1.3 content at this path has no intervening vendor change
/usr/resource/litegui/theme1/topbar/percent.png	modify	c3fae7ad5680d9a4c8d4e80d77c283c807781058dda4f2b51e3cb20b0eef1803	5013db8241bc83cd511644d15d874a7e8d385c217b3ccf2ff640762395f57e52	-rwxrwxr-x	-rwxrwxr-x	0	0	Port existing custom artwork: topbar; stock 1.3 content at this path has no intervening vendor change
/usr/resource/litegui/theme1/topbar/play.png	modify	2a89812e0f135956371c95d59bcf7d2418d2be2b309b0683544d1554dcca66eb	80dc2ae8ae73d3936bad3e0754a67dc53cae7e52b4a146199ef5d69ea9eecd46	-rwxrwxr-x	-rwxrwxr-x	0	0	Port existing custom artwork: topbar; stock 1.3 content at this path has no intervening vendor change
/usr/resource/litegui/theme1/topbar/pm.png	modify	0d01ccea046e656c7016f000a42235cc057f4c759f3be98a443eac0bcbd79c27	99e79e17080c90bf0ae36854820005d92622fb3f0e5d1c5141f54a01a10416ef	-rwxrwxr-x	-rwxrwxr-x	0	0	Port existing custom artwork: topbar; stock 1.3 content at this path has no intervening vendor change
/usr/resource/litegui/theme1/topbar/po.png	modify	70c34bfa2151969ed63e4722ef4228b2f2d739734e1dd02c6c3d3fe06c953b6b	f7d21def4352442b07a2fb18307082f9200f87005526eecb134b58cbc1c01186	-rwxrwxr-x	-rwxrwxr-x	0	0	Port existing custom artwork: topbar; stock 1.3 content at this path has no intervening vendor change
/usr/resource/litegui/theme1/topbar/sbc.png	modify	85b0e9756e5bf0e562561fe34bbc0c07c0bbcf67ba4cd7229ab6eeffbe04d502	85edd070d1ea0e957e807f64d0baa6f5dcdabd3d39187c12c39aba875a744c0a	-rwxrwxr-x	-rwxrwxr-x	0	0	Port existing custom artwork: topbar; stock 1.3 content at this path has no intervening vendor change
/usr/resource/litegui/theme1/topbar/slash.png	modify	b6a92ceebeee4ad53527c8185150049b94974cf0298b889babfb6e38ca32b58a	6968d83000012b47ae5d260befad3333579bdf06f3653db053b2fbdf01e8211d	-rwxrwxr-x	-rwxrwxr-x	0	0	Port existing custom artwork: topbar; stock 1.3 content at this path has no intervening vendor change
/usr/resource/litegui/theme1/topbar/spdif.png	modify	6b4ec2ac73953031558b3ad9476e4880f304c3a5be1e57347f8a48b75eedba32	5c39dea705eae876381a168ef271d0b76d323645157e25c002ccfc4b626633ce	-rwxrwxr-x	-rwxrwxr-x	0	0	Port existing custom artwork: topbar; stock 1.3 content at this path has no intervening vendor change
/usr/resource/litegui/theme1/topbar/speaker.png	modify	9cd158cad7262bc145c1be7640dfd8334399dc69b9f5775ae4fd12050f02fe44	c0f21c1b7f461dd1509e0052afebe91b5f6e185eb0754d621b820022fde7a3f5	-rwxrwxr-x	-rwxrwxr-x	0	0	Port existing custom artwork: topbar; stock 1.3 content at this path has no intervening vendor change
/usr/resource/litegui/theme1/topbar/uat.png	modify	7980556a9997ce72646998314a82a0ac910f178535d78c381508d4302fc2acfe	32459798b0bb85d4b8e569dfd6400756b66f680be8d6b7bc65fd76ba5cdeddf8	-rwxrwxr-x	-rwxrwxr-x	0	0	Port existing custom artwork: topbar; stock 1.3 content at this path has no intervening vendor change
/usr/resource/litegui/theme1/topbar/usb.png	modify	63ec99b66c66a4527b3c77f1ee35257a71a2a8f4baf80d4263783c4ebc948115	128284fe2dca41031a0e55db827c8cb3271247e6537082549cf020f50050e4cb	-rwxrwxr-x	-rwxrwxr-x	0	0	Port existing custom artwork: topbar; stock 1.3 content at this path has no intervening vendor change
/usr/resource/litegui/theme1/topbar/wifi_connect_0.png	modify	72907d3635bdd520428f867631b61b74a1b74b968e08789d46e07a0cc29bb60b	54769324455f432a8492ebd339056a6cff6f372c8e06a36912544069f6cf4389	-rwxrwxr-x	-rwxrwxr-x	0	0	Port existing custom artwork: topbar; stock 1.3 content at this path has no intervening vendor change
/usr/resource/litegui/theme1/topbar/wifi_connect_1.png	modify	4d14fccc8e6f869a28bb67077774642ad8add18e453a17de457553ab66463fd1	036628097eca8f028fa7a3705eb58d6e0a8d26822759b649d8caa62f1505ce74	-rwxrwxr-x	-rwxrwxr-x	0	0	Port existing custom artwork: topbar; stock 1.3 content at this path has no intervening vendor change
/usr/resource/litegui/theme1/topbar/wifi_connect_2.png	modify	9b8f2c58c48a642c24a5a0778aa8cffc51cdafdc8d9f12234a981bc76feaa1b6	bbac50f74c35bab2cc2cd1bc9f20b503f45932bb6e01730a302c96d4390548fc	-rwxrwxr-x	-rwxrwxr-x	0	0	Port existing custom artwork: topbar; stock 1.3 content at this path has no intervening vendor change
/usr/resource/litegui/theme1/topbar/wifi_connect_3.png	modify	d3afe83d4913cb35d3a7d04a7d33216528e55c7b18a0bd110f19d0da58516c2b	8240f17cc7c1be3763f6255fa229be9acf4efe1c81adebb42cf90c7cf970349e	-rwxrwxr-x	-rwxrwxr-x	0	0	Port existing custom artwork: topbar; stock 1.3 content at this path has no intervening vendor change
/usr/resource/litegui/theme1/topbar/wifi_unconnect.png	modify	d2a6ac56ea59c897350684051ea816c2c3c23b8134a8f84542dcc04cd048b272	d36bd1d522538d10eaee2b15af9082c748f796b2e58b2c7256a7c0b9fd0628eb	-rwxrwxr-x	-rwxrwxr-x	0	0	Port existing custom artwork: topbar; stock 1.3 content at this path has no intervening vendor change
/usr/resource/litegui/theme1/touch_list/a_z.png	modify	6adfaea0c01f309d82a67f962e1b528a7ed4027be35f98ca463939a401410fa1	7a0e7556a0b11eb553736e45ae012f09f6ee5a97bc6dfc368cc6fb816890ca1d	-rwxrwxr-x	-rwxrwxr-x	0	0	Port existing custom artwork: touch_list; stock 1.3 content at this path has no intervening vendor change
/usr/resource/litegui/theme1/touch_list/a_z_result_bg.png	modify	dd33f5174618274b9c1f91c9adbaf2a27821d009e859bacf8e0405e484e264ad	d1e61488b91863364826d0b0a156279d2a6b0d8ba95bded9cd001ce5ce253f88	-rwxrwxr-x	-rwxrwxr-x	0	0	Port existing custom artwork: touch_list; stock 1.3 content at this path has no intervening vendor change
/usr/resource/litegui/theme1/touch_list/bt_icon.png	modify	894313d03bd051e1ac270cbf118a036a2d77274b24d1c17067c9b9eced7c4c7b	298872aaba2809cac6b897f99050579a7dda3acca320b9c849ae99f3769c51eb	-rwxrwxr-x	-rwxrwxr-x	0	0	Port existing custom artwork: touch_list; stock 1.3 content at this path has no intervening vendor change
/usr/resource/litegui/theme1/touch_list/del.png	modify	d3a3d2527b7c825efad9c9e094bb7e339a77ed807e14ff2cb94faf17d1430794	1c1b0c3b9f0e8d0bbe795f0ce223300369ba2bb997a4a783eaee28010b87b8a4	-rwxrwxr-x	-rwxrwxr-x	0	0	Port existing custom artwork: touch_list; stock 1.3 content at this path has no intervening vendor change
/usr/resource/litegui/theme1/touch_list/del_s.png	modify	22faf70ffbe15afe34688ae59c611753a6a5446df83a66405837daefa54907b6	db1be625056174db81458d633d01fd7011afd998a0aef76c5dc4957244b94104	-rwxrwxr-x	-rwxrwxr-x	0	0	Port existing custom artwork: touch_list; stock 1.3 content at this path has no intervening vendor change
/usr/resource/litegui/theme1/touch_list/edit_icon_bg.png	modify	62db65a45622a5ca765e18550fb20c7e0287ec537ce93720e5918fc6cd96c0a2	0ca55c19441d164b4536227596f9e0b17a42a1635cb7c93278361828cb5228f6	-rwxrwxr-x	-rwxrwxr-x	0	0	Port existing custom artwork: touch_list; stock 1.3 content at this path has no intervening vendor change
/usr/resource/litegui/theme1/touch_list/enter.png	modify	b7759701b1c5cc355d5cf3da5147bf281e4e03de73f799b394f41bde28464c51	8e6d56eb052350ba42a60ba8cd05f32cf25dc5ac15391762f8686ad8fcdb6175	-rwxrwxr-x	-rwxrwxr-x	0	0	Port existing custom artwork: touch_list; stock 1.3 content at this path has no intervening vendor change
/usr/resource/litegui/theme1/touch_list/enter_s.png	modify	a95f7a9dc43e1ae30c5f4e493a00bd8db37e77fb5b39100502113b8791384530	f29ad591bc549fe39a93c7e39b5ef9f641dcf11dcc49cf9ff3fc31b1ecdf86d0	-rwxrwxr-x	-rwxrwxr-x	0	0	Port existing custom artwork: touch_list; stock 1.3 content at this path has no intervening vendor change
/usr/resource/litegui/theme1/touch_list/item_bg.png	modify	fae1269d4dfc76f315d556fb2941e093b5474b6a00c5a5d4a784e0a7695b128f	a269c4c43d5767bfe21096b327ab7a1a0f4c81d8cca34adb31960f7f03515d34	-rwxrwxr-x	-rwxrwxr-x	0	0	Port existing custom artwork: touch_list; stock 1.3 content at this path has no intervening vendor change
/usr/resource/litegui/theme1/touch_list/item_bg_focus.png	add		b91f1c25c2ecb0a03f07cd1a01dd04c6de3588c3a0a0a05874a3f8d4f89279c3		-rw-r--r--	0	0	Port existing custom artwork: touch_list; stock 1.3 content at this path has no intervening vendor change
/usr/resource/litegui/theme1/touch_list/item_bg_s.png	modify	747f1bd658bf5231624b85e3fd0b56f0b1f080f00cf32799742c7b45d04447d5	2d00990f38a0a4f58c8bc7291128b4ae60ddb0656ac439cb2d84017e2289008e	-rwxrwxr-x	-rwxrwxr-x	0	0	Port existing custom artwork: touch_list; stock 1.3 content at this path has no intervening vendor change
/usr/resource/litegui/theme1/touch_list/list_album_bg.png	add		8a712e5cdd9d6c5f82345c699913588e07a71cc21f8b76b1fa70ebf473474cfd		-rw-r--r--	0	0	Port existing custom artwork: touch_list; stock 1.3 content at this path has no intervening vendor change
/usr/resource/litegui/theme1/touch_list/list_album_bg_s.png	add		7f4bbad57984d21ee1e2732c8d6996805cd4ee8fff826f3503d2fac51a44eb0a		-rw-r--r--	0	0	Port existing custom artwork: touch_list; stock 1.3 content at this path has no intervening vendor change
/usr/resource/litegui/theme1/touch_list/list_default_album.png	modify	2b05bbfef7e7aa70bc90adfe8a7de59e5540e01b30a38f199cd0d269e8db8aa7	3567d427466b427bd36efee7f5e2a97e49b0d544437c103849653933149953b8	-rwxrwxr-x	-rwxrwxr-x	0	0	Port existing custom artwork: touch_list; stock 1.3 content at this path has no intervening vendor change
/usr/resource/litegui/theme1/touch_list/list_dsd.png	modify	a6b8c8841ecc35308e4f64969b8cbba484860e207437e157d54e3ee0033d4aa9	197837a52997462fc360b33197744486308a1df4d105532cd62d617180efdbb9	-rwxrwxr-x	-rwxrwxr-x	0	0	Port existing custom artwork: touch_list; stock 1.3 content at this path has no intervening vendor change
/usr/resource/litegui/theme1/touch_list/list_enter.png	modify	2c6747da8cf5c091f7af55f55ebbb44f3a1799b9f1359fdf11412ed6ebb5b8cf	b1ff2b80ac5a44884aa1b77840a392373b7920e5893f9c98bbe66ce520ff44fb	-rwxrwxr-x	-rwxrwxr-x	0	0	Port existing custom artwork: touch_list; stock 1.3 content at this path has no intervening vendor change
/usr/resource/litegui/theme1/touch_list/list_folder.png	modify	9604a08017b256474eb7ef81df4bce4efc35cf459f24c0d4e60f6cda19a98cf4	8c95ab358d0b2b6e706b1cd1a2b120ed235a7ea7ee62ebbe8d95d43c91dd6ceb	-rwxrwxr-x	-rwxrwxr-x	0	0	Port existing custom artwork: touch_list; stock 1.3 content at this path has no intervening vendor change
/usr/resource/litegui/theme1/touch_list/list_folder_s.png	modify	e6e20bbd72605799d785f02eda3ec8f5e51b8c477f31233ba027506825d0e8e2	39bdb222e75553833afbe13886727558279bbca884f2ace7eeaa76bffd1f5d90	-rwxrwxr-x	-rwxrwxr-x	0	0	Port existing custom artwork: touch_list; stock 1.3 content at this path has no intervening vendor change
/usr/resource/litegui/theme1/touch_list/list_line.png	modify	3d34a24e7776fb95aa3a739e44be56ea953c6b014ffdaea764fa3a7c09032c84	59eb9b0eefd0b24e821461338e7f0552d7e10bb79d3e13fe1a57f77f019fe4b4	-rwxrwxr-x	-rwxrwxr-x	0	0	Port existing custom artwork: touch_list; stock 1.3 content at this path has no intervening vendor change
/usr/resource/litegui/theme1/touch_list/list_select.png	modify	850c44ed83f128b62a661df9ff5cc89fcc25f3697a7a05fd5bf5a9ee8a83cfb9	6a5ab037e9a0c6363d4a517269ec588c99572329672a405f53b2751cd73774ac	-rwxrwxr-x	-rwxrwxr-x	0	0	Port existing custom artwork: touch_list; stock 1.3 content at this path has no intervening vendor change
/usr/resource/litegui/theme1/touch_list/list_select_s.png	modify	118c6a9f4aab5a00afcf3410ddcdaa0b6630ea26be330fa03310f6a167779021	66b34efd80bb39dfcde52f8481a5175a4da8f3ff9d48b104cece450b0fc5ccb0	-rwxrwxr-x	-rwxrwxr-x	0	0	Port existing custom artwork: touch_list; stock 1.3 content at this path has no intervening vendor change
/usr/resource/litegui/theme1/touch_list/listview_scrollbar.png	modify	47dedeeee19fb4e9384caaa3b0f5c468364a431b819ab7401125935b8b5b0e04	34a57219a39e8b678310ea276412bb56561a20dcc552232feabc680d49d829d4	-rwxrwxr-x	-rwxrwxr-x	0	0	Port existing custom artwork: touch_list; stock 1.3 content at this path has no intervening vendor change
/usr/resource/litegui/theme1/touch_list/listview_scrollbar_focus.png	modify	b093cbb12a6b7d5d295077066dfbe302bae71e8aad7244ff8a7004442b5fa5f5	7c8138d1a9eac99919c59100229fd3ee07babf1086328538b339f1ee11c5662a	-rwxrwxr-x	-rwxrwxr-x	0	0	Port existing custom artwork: touch_list; stock 1.3 content at this path has no intervening vendor change
/usr/resource/litegui/theme1/touch_list/loading_0.png	modify	654df552952905f35b352f62ac02478f740b0e05d63fab4b2a026a957b2b6253	96db9fe284e079f408de08b6cd8b6ad01c6e7696090d58ea706357d95fb47342	-rwxrwxr-x	-rwxrwxr-x	0	0	Port existing custom artwork: touch_list; stock 1.3 content at this path has no intervening vendor change
/usr/resource/litegui/theme1/touch_list/loading_1.png	modify	d344f3a355e888fe2aee7bdf530c72e34c3d064aa3071afccaf09d8940a87791	711153c6fdc94e6781ff11517ea33814418d3d26236e70707cab9ad842af6126	-rwxrwxr-x	-rwxrwxr-x	0	0	Port existing custom artwork: touch_list; stock 1.3 content at this path has no intervening vendor change
/usr/resource/litegui/theme1/touch_list/loading_2.png	modify	485dc9a1c154e1d229efe494bc6a4fd95e484248708650b5de995619eea38901	190d567ac6f031fe484520bbb8270316cdb7b55caffc51d6138f7a2b84aa355d	-rwxrwxr-x	-rwxrwxr-x	0	0	Port existing custom artwork: touch_list; stock 1.3 content at this path has no intervening vendor change
/usr/resource/litegui/theme1/touch_list/loading_3.png	modify	f41af767304791de82cfcc452b0588dc42ed98cba23862b25588d9f46ad4ea5f	b273270a08f06a4e75c62c472c63b57e24a001d3cb8022e68cad8c391a3aa1f1	-rwxrwxr-x	-rwxrwxr-x	0	0	Port existing custom artwork: touch_list; stock 1.3 content at this path has no intervening vendor change
/usr/resource/litegui/theme1/touch_list/loading_4.png	modify	0bb9c1c60754bf5c19e70cc880794f0f483daf8d12d6e7e214164bec58f82abb	ece144b29b355edeb0e375fd58f0849568d02d088f4376aa94be989efc33a92b	-rwxrwxr-x	-rwxrwxr-x	0	0	Port existing custom artwork: touch_list; stock 1.3 content at this path has no intervening vendor change
/usr/resource/litegui/theme1/touch_list/loading_5.png	modify	1f1d7f2deea777125c9b41c50a0b6133265687e0fe10d155f066efbccb509473	adf5c797d628dcf461961d5845b64b30d2ace9f58e40d4fba475a16e3eed181c	-rwxrwxr-x	-rwxrwxr-x	0	0	Port existing custom artwork: touch_list; stock 1.3 content at this path has no intervening vendor change
/usr/resource/litegui/theme1/touch_list/loading_6.png	modify	cd98d516c32cd7e8086686d0dd37af481d7ec2bdcfe5a393e75bcb283390c24c	40de8d734ae46f3362ca70dc7c9eeb694b399af73314601191d211b58d147cbd	-rwxrwxr-x	-rwxrwxr-x	0	0	Port existing custom artwork: touch_list; stock 1.3 content at this path has no intervening vendor change
/usr/resource/litegui/theme1/touch_list/loading_7.png	modify	338b69f73bdf23a8dc7121005868dee8437460f347334d24f874e0b966c4e0c0	fae63831dead43e1d8db767d5a7f26a35f205f127214a5e26dd060a0f9389a98	-rwxrwxr-x	-rwxrwxr-x	0	0	Port existing custom artwork: touch_list; stock 1.3 content at this path has no intervening vendor change
/usr/resource/litegui/theme1/touch_list/loading_bg.png	add		e5a6018a9fc6971017084392971970bbb9d0b31487d69d910c25788fb7347d0f		-rw-r--r--	0	0	Port existing custom artwork: touch_list; stock 1.3 content at this path has no intervening vendor change
/usr/resource/litegui/theme1/touch_list/more.png	modify	f1acd29409400c07b03869da3f7d7fb423cdde6f3a90db9d7b9e0d2f2d32af28	3c8343b14feee29aba3e180d44c407507a3ab2110b90e67b212f5ba39799fd2b	-rwxrwxr-x	-rwxrwxr-x	0	0	Port existing custom artwork: touch_list; stock 1.3 content at this path has no intervening vendor change
/usr/resource/litegui/theme1/touch_list/more_s.png	modify	556f20f04a2679543bb3bdb09a5db66c18efdc0c605b89aeeca710b5a1b976c9	df36a377d1613394f4ce6c27e9fffb52311eee35e370250e1b1f9ed736ddf245	-rwxrwxr-x	-rwxrwxr-x	0	0	Port existing custom artwork: touch_list; stock 1.3 content at this path has no intervening vendor change
/usr/resource/litegui/theme1/touch_list/mqa.png	modify	8b4528cca9c65f83dae6c7525df778f6434a1a180045cc16b17f777ce8e6354f	ffa25a2ea84aca9aa989ba8d4a097cd3e7d8fc22cd65e3d3457344dbdbc700a7	-rwxrwxr-x	-rwxrwxr-x	0	0	Port existing custom artwork: touch_list; stock 1.3 content at this path has no intervening vendor change
/usr/resource/litegui/theme1/touch_list/music_update.png	modify	8982769f53d6dd634137384346a5debe5990c555eb960cc6f39bfe713e9991bd	3518296761c8f74ea88293491721a88ee2af9706bff3ef825af00b0ea1ba2507	-rwxrwxr-x	-rwxrwxr-x	0	0	Port existing custom artwork: touch_list; stock 1.3 content at this path has no intervening vendor change
/usr/resource/litegui/theme1/touch_list/otg.png	modify	b47130ba4e150eb9cdfa6ed6cb13d12e87e642931351dd9211a948a0a1b7d6ce	18b9bcfe1dd3ba7334dfb49926b9126cdfd738fd8ac35976743558e13b288fbe	-rwxrwxr-x	-rwxrwxr-x	0	0	Port existing custom artwork: touch_list; stock 1.3 content at this path has no intervening vendor change
/usr/resource/litegui/theme1/touch_list/otg_s.png	modify	ae7b85153790b1c5eeadf00782b5d485b386b417d82640e01c44230ffac062d6	18b9bcfe1dd3ba7334dfb49926b9126cdfd738fd8ac35976743558e13b288fbe	-rwxrwxr-x	-rwxrwxr-x	0	0	Port existing custom artwork: touch_list; stock 1.3 content at this path has no intervening vendor change
/usr/resource/litegui/theme1/touch_list/pull_menu_airplay.png	modify	d7b62a70a0c995098c0fd6e0c75fea48a333abe23b0955d219b2ac132a885606	60a8bcd2e47fa84fddd19d786682369d5ffb766e9457f521d02dfdf59e7d696c	-rwxrwxr-x	-rwxrwxr-x	0	0	Port existing custom artwork: touch_list; stock 1.3 content at this path has no intervening vendor change
/usr/resource/litegui/theme1/touch_list/pull_menu_balance.png	modify	c1a8e4b88e14cd24c01b3ea35983fab14530779cd698ac46589dd4f1df334d68	ce9db9473261af6f23e5de1a6887fbe4cc45b577983ec0fc313acbe446072c9d	-rwxrwxr-x	-rwxrwxr-x	0	0	Port existing custom artwork: touch_list; stock 1.3 content at this path has no intervening vendor change
/usr/resource/litegui/theme1/touch_list/pull_menu_bt.png	modify	20a991f1d0d7d4d6f7ab777aa59a0ef26e890787a0b0255339438f27ab6bcbcb	08ac6ff1aa3b24a641a16f65bea0d4e74019bf8cc51eaf242eb8f7baf94a0308	-rwxrwxr-x	-rwxrwxr-x	0	0	Port existing custom artwork: touch_list; stock 1.3 content at this path has no intervening vendor change
/usr/resource/litegui/theme1/touch_list/pull_menu_digital_filter.png	modify	a60fdbc98e3cc767d7486082bffd03b127bf3cd62b56b63827ba2faf91ae9364	ce9db9473261af6f23e5de1a6887fbe4cc45b577983ec0fc313acbe446072c9d	-rwxrwxr-x	-rwxrwxr-x	0	0	Port existing custom artwork: touch_list; stock 1.3 content at this path has no intervening vendor change
/usr/resource/litegui/theme1/touch_list/pull_menu_dlna.png	modify	40b1fb910e1f21c16229fc72d47897c55a55fb6969aa6645ecb1a6c8721ff469	438a1a7406f3c195eda1faa16a686ae29c5ac4296ea7e83d4e60f66fc510f3dc	-rwxrwxr-x	-rwxrwxr-x	0	0	Port existing custom artwork: touch_list; stock 1.3 content at this path has no intervening vendor change
/usr/resource/litegui/theme1/touch_list/pull_menu_fade.png	modify	d1b44a370a89963c560c3043fac72226f46dda3e907ef1d0bab7699e63bb2e43	a48a9b7681f66ba1eaaf33ce0e09bf4c116ab8ea6c0aed83abb1e71e6d2aefc6	-rwxrwxr-x	-rwxrwxr-x	0	0	Port existing custom artwork: touch_list; stock 1.3 content at this path has no intervening vendor change
/usr/resource/litegui/theme1/touch_list/pull_menu_gain.png	modify	ca47ce8824276c04d6357ffd634988ea847a50b723c3330871bf3441b5339bf3	615dfba0dad18b971fa3eef41eb34328891935da5812c439a681be36f10b60a1	-rwxrwxr-x	-rwxrwxr-x	0	0	Port existing custom artwork: touch_list; stock 1.3 content at this path has no intervening vendor change
/usr/resource/litegui/theme1/touch_list/pull_menu_gapless_play.png	modify	56e5d60acd09452ada7083d91772aead195ff30fd8cba5611a5f4c2d4c6dab06	9e01fd5eeb0cb5d0f2067ee32d65f66e81caf84ff6231c73374998d97c32218b	-rwxrwxr-x	-rwxrwxr-x	0	0	Port existing custom artwork: touch_list; stock 1.3 content at this path has no intervening vendor change
/usr/resource/litegui/theme1/touch_list/pull_menu_hiby_link.png	modify	aede48862542d9dbfeea99e091eeee9ffa58f9c357b292775c86f4a637ee4bcc	6a2720cfa2a6d049b6d6b04b8bfdd51d1c02bc059af7021b53cdee57e1e02389	-rwxrwxr-x	-rwxrwxr-x	0	0	Port existing custom artwork: touch_list; stock 1.3 content at this path has no intervening vendor change
/usr/resource/litegui/theme1/touch_list/pull_menu_mseb.png	modify	79d59dec414aec4c979b1728b47236666f7f71c9ae137a026262915bafb691ee	7339b526df56754486613a152b89f503643a574d029f4b59cf1d3a7f93900b57	-rwxrwxr-x	-rwxrwxr-x	0	0	Port existing custom artwork: touch_list; stock 1.3 content at this path has no intervening vendor change
/usr/resource/litegui/theme1/touch_list/pull_menu_output.png	modify	94cf12d68d3e6edd462d07ba2fc7ba4ce7956f345953b03bed5a9d13b99578a2	7bd27ea0cdf867200f2688026f2a69d0c7cff043127d78019c34bf719a377f42	-rwxrwxr-x	-rwxrwxr-x	0	0	Port existing custom artwork: touch_list; stock 1.3 content at this path has no intervening vendor change
/usr/resource/litegui/theme1/touch_list/pull_menu_sleep_switch.png	modify	355cec5885b9ecf5c98d322b3495c78575608ec625b105c87c87e60ed19f1652	199df8d3635e7bc7dfffe7ac6b378fd46efd5d7a212cb3e973444ce435eb43fc	-rwxrwxr-x	-rwxrwxr-x	0	0	Port existing custom artwork: touch_list; stock 1.3 content at this path has no intervening vendor change
/usr/resource/litegui/theme1/touch_list/pull_menu_usb_mode.png	modify	bde866cd9848628238587aec0768ef10c03a7302c0ce056c15dbb1918154e52b	a2f752753c22572c8d762292233059534d6fcf83dd26f599ebfb778e2cc30a03	-rwxrwxr-x	-rwxrwxr-x	0	0	Port existing custom artwork: touch_list; stock 1.3 content at this path has no intervening vendor change
/usr/resource/litegui/theme1/touch_list/pull_menu_wifi.png	modify	20673998e6dd5eb4ca63475470ddd7bae72a68f0d76555c75185704b0906958c	21b955bc9f5d725cae46f0480dcd74423b7c0d52ac89ce0a9e01d2d5fde48811	-rwxrwxr-x	-rwxrwxr-x	0	0	Port existing custom artwork: touch_list; stock 1.3 content at this path has no intervening vendor change
/usr/resource/litegui/theme1/touch_list/quality_high.png	modify	9146a9209f65d427f363fd532bdb261e9f3c60c996556ee21895e2de0d4643e3	fc9978b36b3c3cc4318b2310ea7dae8119f4d5ca322659c071db2016b6a8a52d	-rwxrwxr-x	-rwxrwxr-x	0	0	Port existing custom artwork: touch_list; stock 1.3 content at this path has no intervening vendor change
/usr/resource/litegui/theme1/touch_list/quality_hr.png	modify	b902b920814512c43fccbda0daf115fb265a2f6bb6d9e03ff533998cbb1242c4	4d72032b6418939201f5f6e05e883bb0c75b9399e909a889a5986fead87cb36a	-rwxrwxr-x	-rwxrwxr-x	0	0	Port existing custom artwork: touch_list; stock 1.3 content at this path has no intervening vendor change
/usr/resource/litegui/theme1/touch_list/quality_nomal.png	modify	8e49be791cd7e6e8e835f5c35b69dea48ff9ec9853cbdec775832bba2d919c54	c856f6862381c0e001123ad60000c764782ebe0cdc0c3399030e277c8c799ed8	-rwxrwxr-x	-rwxrwxr-x	0	0	Port existing custom artwork: touch_list; stock 1.3 content at this path has no intervening vendor change
/usr/resource/litegui/theme1/touch_list/tf.png	modify	81fcf9ccbabacbcc0c2c620c43b365b00298d96688183d0aba29c8f38700995c	6d840b904ec9e2acdc03df6b561fe6f3b2426ba1fdad2871b4fed754eee6af33	-rwxrwxr-x	-rwxrwxr-x	0	0	Port existing custom artwork: touch_list; stock 1.3 content at this path has no intervening vendor change
/usr/resource/litegui/theme1/touch_list/tf_s.png	modify	cc38eb32f6665742cb668005ec5c8ad5320f49031c15506ff53b16799fa8380e	6d840b904ec9e2acdc03df6b561fe6f3b2426ba1fdad2871b4fed754eee6af33	-rwxrwxr-x	-rwxrwxr-x	0	0	Port existing custom artwork: touch_list; stock 1.3 content at this path has no intervening vendor change
/usr/resource/litegui/theme1/touch_set/add.png	add		e6fc90b3eac10897e0c817926be3f9cc4c3980b5bb383a987cfddf1b3b232f6b		-rw-r--r--	0	0	Port existing custom artwork: touch_set; stock 1.3 content at this path has no intervening vendor change
/usr/resource/litegui/theme1/touch_set/add_s.png	add		46aa3ab737635a8963daf7b28cab330592dfa0b0fbf068a70161780e96caf0ef		-rw-r--r--	0	0	Port existing custom artwork: touch_set; stock 1.3 content at this path has no intervening vendor change
/usr/resource/litegui/theme1/touch_set/bal.png	add		f1ca23f00dbeae8c37d2af8df85589698b95b4045c7c8a440a7eba49d75312eb		-rw-r--r--	0	0	Port existing custom artwork: touch_set; stock 1.3 content at this path has no intervening vendor change
/usr/resource/litegui/theme1/touch_set/blk.png	add		a86b39eb276a8add090519a54e4f0477f4e7ac20b49bd6e35fe0baf10129bc3a		-rw-r--r--	0	0	Port existing custom artwork: touch_set; stock 1.3 content at this path has no intervening vendor change
/usr/resource/litegui/theme1/touch_set/blk_time.png	add		416313d858a17a71a44c3c1031ec297f60f44c7fbdf734ffaef50558f8719842		-rw-r--r--	0	0	Port existing custom artwork: touch_set; stock 1.3 content at this path has no intervening vendor change
/usr/resource/litegui/theme1/touch_set/delete.png	add		2ff87eb704d02974a7aeffbd60c310c1ab996c51edd352a552e8ef368a036c93		-rw-r--r--	0	0	Port existing custom artwork: touch_set; stock 1.3 content at this path has no intervening vendor change
/usr/resource/litegui/theme1/touch_set/delete_s.png	add		bae768840ed5021868ac59caee25085afe5a14c8c7a5a34e9c8ea06525ae4764		-rw-r--r--	0	0	Port existing custom artwork: touch_set; stock 1.3 content at this path has no intervening vendor change
/usr/resource/litegui/theme1/touch_set/dsd.png	add		0783e0dfd0238a4b2e5c33a1c99eb468902ff6af79aac5c6c9ffded15e2b8306		-rw-r--r--	0	0	Port existing custom artwork: touch_set; stock 1.3 content at this path has no intervening vendor change
/usr/resource/litegui/theme1/touch_set/info.png	add		0bc612326acbafcd4f063513a28ddced8b6098b1817e34454153ea5192043af5		-rw-r--r--	0	0	Port existing custom artwork: touch_set; stock 1.3 content at this path has no intervening vendor change
/usr/resource/litegui/theme1/touch_set/info_s.png	add		67004d72b8eb0a093e531d783f901d3edb712a1198feb391d203bbf82ba1a4de		-rw-r--r--	0	0	Port existing custom artwork: touch_set; stock 1.3 content at this path has no intervening vendor change
/usr/resource/litegui/theme1/touch_set/item_bg.png	add		917141649cc1a077c10798693ad56d17d93ab0a2b3db10fd60b98612053de17e		-rw-r--r--	0	0	Port existing custom artwork: touch_set; stock 1.3 content at this path has no intervening vendor change
/usr/resource/litegui/theme1/touch_set/sound.png	add		19abb142e47fcea5e4d6b9b2d14009c8c44e9aec20a757bc6b0a22e0af463627		-rw-r--r--	0	0	Port existing custom artwork: touch_set; stock 1.3 content at this path has no intervening vendor change
/usr/resource/litegui/theme1/touch_set/time.png	add		bf470d5691f88dbda8c1ecd88904bbf7f137e11e4eabd860b56022d93a274e60		-rw-r--r--	0	0	Port existing custom artwork: touch_set; stock 1.3 content at this path has no intervening vendor change
/usr/resource/litegui/theme1/touch_set/vol.png	add		2aab5034c1e93508a52ac20f92c2526e14682798554e72a26f1345173619bfef		-rw-r--r--	0	0	Port existing custom artwork: touch_set; stock 1.3 content at this path has no intervening vendor change
/usr/resource/litegui/theme1/tune/bg.png	modify	252d2648656c0d0b42c9b22f7fb75afb1f63bb448381217b56b08422532093dd	f8a7545100187f38bfdd8195df79872229ea11d42dd86bdac0ec9da6f2f329d7	-rwxrwxr-x	-rwxrwxr-x	0	0	Port existing custom artwork: tune; stock 1.3 content at this path has no intervening vendor change
/usr/resource/litegui/theme1/tune/cursor.png	modify	21a5bcac16691f4474e1c279bfeedd13579d8ef15c8c75000b9e2d99489d9948	cb3f5cf2593e6f1bedb2279922766dc5fe5006f285e92529cdbcb42eabd914e9	-rwxrwxr-x	-rwxrwxr-x	0	0	Port existing custom artwork: tune; stock 1.3 content at this path has no intervening vendor change
/usr/resource/litegui/theme1/tune/left.png	modify	4653c533bcb5693af44c47c3f1fb6ce3fe652126e9d1c941d46937f4f6965888	eae4ea603b038b5f311a2c7ac543e07617ad065704b735cb7ad6ea32d7871736	-rwxrwxr-x	-rwxrwxr-x	0	0	Port existing custom artwork: tune; stock 1.3 content at this path has no intervening vendor change
/usr/resource/litegui/theme1/tune/reset.png	modify	e03c155ab3891c468e1f8544e52f35d27165133136751f965c5ffb5cb71443b1	88f261f7a16b4b78cb200596f402126904f60e3e9c2dc8174edbd3e6e880edc0	-rwxrwxr-x	-rwxrwxr-x	0	0	Port existing custom artwork: tune; stock 1.3 content at this path has no intervening vendor change
/usr/resource/litegui/theme1/tune/reset_s.png	modify	f68c690a5bdaf44658daf6631c637669fac82ac5aba5da5597956a34cae62dad	a41c2ab75bf47d5ba04c29236a1e16a4c33b66fa342ae41676000d3a1317d4dc	-rwxrwxr-x	-rwxrwxr-x	0	0	Port existing custom artwork: tune; stock 1.3 content at this path has no intervening vendor change
/usr/resource/litegui/theme1/tune/right.png	modify	d6056b80e18e1ba413ec02b9504b9d82b812a2cdc81014c95deb526cafc34e28	d229a045040b640b502814d346fdfc5818b7e1b02d7fe72e8b394b4b9693bc70	-rwxrwxr-x	-rwxrwxr-x	0	0	Port existing custom artwork: tune; stock 1.3 content at this path has no intervening vendor change
/usr/resource/litegui/theme1/usb/usb.png	modify	2ecf26f5a2298a1afe466b30f30e3fabb33c65d0de5bd7e2afb0eebed20da4f9	ec7e684f92fb6cccaaeabba4cd2b7219ac3e0088184c057fb940264213929ce1	-rwxrwxr-x	-rwxrwxr-x	0	0	Port existing custom artwork: usb; stock 1.3 content at this path has no intervening vendor change
/usr/resource/litegui/theme1/volume/bg.png	modify	b25218d8f8e038503808fb3a052e4455a0d471fbc22900c24262995f1cbd3f7f	aaf80b279ac8a54b80f4e4ccc57e36ead82819e947185d2f147e03b7405853cd	-rwxrwxr-x	-rwxrwxr-x	0	0	Port existing custom artwork: volume; stock 1.3 content at this path has no intervening vendor change
/usr/resource/litegui/theme1/volume/cursor.png	modify	d71a3301b9cf3c21cff21a7cb08bf0260571aaf44dbd9dfbcff75cf958a1f35b	90903dddaa9066c293c3e02725c4228bae6f89be2212e1ce1fe400d22829a2b7	-rwxrwxr-x	-rwxrwxr-x	0	0	Port existing custom artwork: volume; stock 1.3 content at this path has no intervening vendor change
/usr/resource/litegui/theme1/volume/separator_line.png	add		6162889244b418c15900f603bf35db41a8074ea5666b1da367a9816f337b9635		-rw-r--r--	0	0	Port existing custom artwork: volume; stock 1.3 content at this path has no intervening vendor change
/usr/resource/litegui/theme1/volume/vol.png	modify	432a562eb4d8e7c87c8ed935be0b7969f31421de3c2a99bbce5b92d47158c95f	cbebde142d4f269dec422035632005f47c83a0747ebc8d03bbea6796009f15af	-rwxrwxr-x	-rwxrwxr-x	0	0	Port existing custom artwork: volume; stock 1.3 content at this path has no intervening vendor change
/usr/resource/litegui/theme1/volume/vol_bg.png	modify	2f4c44718bf23214d8a2bc6d7e517c8cba626c27ec37df93bbe7e0a125c12baa	feef7aa8aca5442251fb31b6daf060ccd6250a514b779cc1d1fe9818b26bee9d	-rwxrwxr-x	-rwxrwxr-x	0	0	Port existing custom artwork: volume; stock 1.3 content at this path has no intervening vendor change
/usr/resource/litegui/theme1/volume/vol_inc.png	modify	5ea06325f940cd1ea270db23dafed2b2341f2ba9ca4617fcd9d3a4408c064818	f17ad3d8ce337730521ff444475e0d2ef040d635d622ec6c4d9d47a387dc765c	-rwxrwxr-x	-rwxrwxr-x	0	0	Port existing custom artwork: volume; stock 1.3 content at this path has no intervening vendor change
/usr/resource/litegui/theme1/volume/vol_inc_s.png	modify	95c15c29eaa8925776cd1a183b073c5cb2f37bd31721bff7b4502caa9a4b27e4	8768b727fe98734652bed942fc72dc9efd9ff4deacbd27c74ff3a509bda053a3	-rwxrwxr-x	-rwxrwxr-x	0	0	Port existing custom artwork: volume; stock 1.3 content at this path has no intervening vendor change
/usr/resource/litegui/theme1/volume/vol_progress.png	modify	4667fd43a75c0cc46c3f7b97befe8711898a8f5b7976e0cff4879320a88266f9	c499663aedb5f0eb3b36797d098d499cb89fef22ff260517e27a874b70158b7f	-rwxrwxr-x	-rwxrwxr-x	0	0	Port existing custom artwork: volume; stock 1.3 content at this path has no intervening vendor change
/usr/resource/litegui/theme1/volume/vol_red.png	modify	dfa15845875bf3b4c57ce60ba67eb3424c854180a995f17f8d7290bc6e84ba50	8a648c4325e86d181c32c01253b7dc52c78393ea53d6a1946b06728bdd966583	-rwxrwxr-x	-rwxrwxr-x	0	0	Port existing custom artwork: volume; stock 1.3 content at this path has no intervening vendor change
/usr/resource/litegui/theme1/volume/vol_red_s.png	modify	885b98870bbf8989a1a53f3e6e75f3b9ce19c0015e036d01c9ce3240354eae8b	b50c369c7dc24e12dab73a260747a816448453b2b1ac1c60c1652ae88d4075dc	-rwxrwxr-x	-rwxrwxr-x	0	0	Port existing custom artwork: volume; stock 1.3 content at this path has no intervening vendor change
/usr/resource/litegui/theme1/wireless/airplay.png	modify	83d01a877ae9050bb70e06f0d5f27d135b7447096bdccd9b5f250df56aaf99c0	65d921ffef85cf00e0c54136a027a2ddf88b604ffc923c4d0ff23486729753ae	-rwxrwxr-x	-rwxrwxr-x	0	0	Port existing custom artwork: wireless; stock 1.3 content at this path has no intervening vendor change
/usr/resource/litegui/theme1/wireless/airplay_s.png	modify	5d7b5516a6c8e5a87f4738ed2b004aa78e0fa028ec3bb03a0682584db0d89305	420f9cb1143584c34d59fa339c25a4c2f839e2ba1dd3be978c474ece9e309c45	-rwxrwxr-x	-rwxrwxr-x	0	0	Port existing custom artwork: wireless; stock 1.3 content at this path has no intervening vendor change
/usr/resource/litegui/theme1/wireless/bt.png	modify	32001baa503cdea78c4a8ce8d650f9fb549651b6aab8c8887691d612b057387d	43a46d001fb38b7b35564f9467a24374cb3bb6db6e4c3026cfd19f5ff5b81e8e	-rwxrwxr-x	-rwxrwxr-x	0	0	Port existing custom artwork: wireless; stock 1.3 content at this path has no intervening vendor change
/usr/resource/litegui/theme1/wireless/bt_s.png	modify	6385c2d42f76513488311830f4b5af0d7cdd22fbcedcabbb3b70a81f238c76bf	530060f891f667e90a1567bba3b5133a79759d76e9f4396be8669f298ba9448a	-rwxrwxr-x	-rwxrwxr-x	0	0	Port existing custom artwork: wireless; stock 1.3 content at this path has no intervening vendor change
/usr/resource/litegui/theme1/wireless/dlna.png	modify	a8b81a642bfdff4b9f1e0f45efd85568835910aa7307d13589d3efe7ce5c2908	619358f5088273766dc4a099439790c42030508f09acf321bc8bd89c27ad8263	-rwxrwxr-x	-rwxrwxr-x	0	0	Port existing custom artwork: wireless; stock 1.3 content at this path has no intervening vendor change
/usr/resource/litegui/theme1/wireless/dlna_s.png	modify	732b71b3a0f83d88be7687062cc9683fc63315d004b2a22a3f1910a3a0896598	431c594f44a582d45f3530a855c88a2a6df894ad11b4a4f8335ffb767c81fab8	-rwxrwxr-x	-rwxrwxr-x	0	0	Port existing custom artwork: wireless; stock 1.3 content at this path has no intervening vendor change
/usr/resource/litegui/theme1/wireless/hibylink.png	modify	b1f8ffd57dfc57718a3c2b011a2e934d175894c03d6802f34b4fc67cbf77ea1f	402a2e421e8c9b249a68fc8ad954a9034de0511b38e9576d0332b04f1b973dc2	-rwxrwxr-x	-rwxrwxr-x	0	0	Port existing custom artwork: wireless; stock 1.3 content at this path has no intervening vendor change
/usr/resource/litegui/theme1/wireless/hibylink_s.png	modify	de547163794921b52c748350e032dcbd02a073b332e374827b31858ec2ce9e6c	0e7691d9363270cd079b4e3973f96e94d091d157900b132d3e7aa04df57e512b	-rwxrwxr-x	-rwxrwxr-x	0	0	Port existing custom artwork: wireless; stock 1.3 content at this path has no intervening vendor change
/usr/resource/litegui/theme1/wireless/via.png	modify	1184bd9b4ac38fb236978571a005034e63e791d9e9ea2b24cc0fd0bd1881b058	a0739645842cfd47f72b7c26ef0b7f1c1c2b6d3acfcc6ce61ccc79a54e8581a8	-rwxrwxr-x	-rwxrwxr-x	0	0	Port existing custom artwork: wireless; stock 1.3 content at this path has no intervening vendor change
/usr/resource/litegui/theme1/wireless/via_s.png	modify	40a6d582e3cb8db43d91746ebd054c444ede5f2e1cff702c8e1f51885092fec8	542df7a83c35d0da5f17d9f20677866b9e80fb95b400f764f87620f20a440352	-rwxrwxr-x	-rwxrwxr-x	0	0	Port existing custom artwork: wireless; stock 1.3 content at this path has no intervening vendor change
/usr/resource/litegui/theme1/wireless/wifi.png	modify	cf3c21b25d116709d701ec3226f81a85537c7b8b19c369a5591bdb0eaeaa0b55	d9f9d6d2076568ebf29ae6aedd5257ddf8ae1e18a4a2011b93b7e56926c1711c	-rwxrwxr-x	-rwxrwxr-x	0	0	Port existing custom artwork: wireless; stock 1.3 content at this path has no intervening vendor change
/usr/resource/litegui/theme1/wireless/wifi_s.png	modify	c1475549ce2a1dc4ac88d6588e4b84c237853cc9735ee21260856e71fde77c15	6d2efcaa05a83588fe6a0a574e0cb6041e49a7db92d3e3afbc24fe9218fad55e	-rwxrwxr-x	-rwxrwxr-x	0	0	Port existing custom artwork: wireless; stock 1.3 content at this path has no intervening vendor change
/usr/resource/set_functions.json	modify	a2f8478c75a932ea9ab5e6235518c86d342e7c2345e52d1d54e512b304fb04eb	114dac2a4b77be0086b69e172c3c7fdc4cc3290c2cde5c2c579823a8e04b1cfb	-rw-rw-r--	-rw-rw-r--	0	0	Enable existing custom settings only: about, color; retain all other official 1.3 fields
